<?xml version="1.0" encoding="UTF-8"?><publish:elements xmlns:publish="http://www.ibm.com/Rational/XTools/Publish" xmlns:xmi="http://www.omg.org/XMI" xmlns:xsi="http://www.w3.org/2001/XMLSchema-instance"><publish:element name="${use.case}" publish:icon="839192717_icon.png" publish:qualifiedname="Modelo de caso de uso::Use-Case Building Blocks::${use.case}" xmi:id="_1J.i.rE5VQE.e.y.iA_4.aZ.bX.k5A" xsi:type="uml:UseCase"/><publish:element name="Register" publish:icon="839192717_icon.png" publish:qualifiedname="Modelo de caso de uso::Autentifikazioa::Register" xmi:id="_.lMMA.oJVRE.e.y.iA_4.aZ.bX.k5A" xsi:type="uml:UseCase"/><publish:element name="Hasiera" publish:icon="-872084318_icon.png" publish:qualifiedname="Modelo de caso de uso::Autentifikazioa::Register::Register::Hasiera" xmi:id="_.h.rD.m.wJVSE.e.y.iA_4.aZ.bX.k5A" xsi:type="uml:InitialNode"/><publish:element name="Datuak egokiak dira?" publish:icon="-1996157212_icon.png" publish:qualifiedname="Modelo de caso de uso::Autentifikazioa::Register::Register::Datuak egokiak dira?" xmi:id="_.fGIW.cJVTE.e.y.iA_4.aZ.bX.k5A" xsi:type="uml:DecisionNode"/><publish:element name="Erabiltzailea dagoeneko existitzen da?" publish:icon="-1996157212_icon.png" publish:qualifiedname="Modelo de caso de uso::Autentifikazioa::Register::Register::Erabiltzailea dagoeneko existitzen da?" xmi:id="_.oZ.b.t0JVTE.e.y.iA_4.aZ.bX.k5A" xsi:type="uml:DecisionNode"/><publish:element publish:icon="-1996157097_icon.png" publish:qualifiedname="Modelo de caso de uso::Autentifikazioa::Register::Register::&lt;ControlFlow&gt;" xmi:id="_.fGSH.cJVTE.e.y.iA_4.aZ.bX.k5A" xsi:type="uml:ControlFlow"/><publish:element publish:icon="-1996157097_icon.png" publish:qualifiedname="Modelo de caso de uso::Autentifikazioa::Register::Register::&lt;ControlFlow&gt;" xmi:id="_.hL.pR.cJVTE.e.y.iA_4.aZ.bX.k5A" xsi:type="uml:ControlFlow"/><publish:element name="Bai" publish:icon="-1996157097_icon.png" publish:qualifiedname="Modelo de caso de uso::Autentifikazioa::Register::Register::Bai" xmi:id="_.zM.i.rEJVTE.e.y.iA_4.aZ.bX.k5A" xsi:type="uml:ControlFlow"/><publish:element name="Ez" publish:icon="-1996157097_icon.png" publish:qualifiedname="Modelo de caso de uso::Autentifikazioa::Register::Register::Ez" xmi:id="_7647QJVTE.e.y.iA_4.aZ.bX.k5A" xsi:type="uml:ControlFlow"/><publish:element publish:icon="-1996157097_icon.png" publish:qualifiedname="Modelo de caso de uso::Autentifikazioa::Register::Register::&lt;ControlFlow&gt;" xmi:id="_83.s.h.wJVTE.e.y.iA_4.aZ.bX.k5A" xsi:type="uml:ControlFlow"/><publish:element publish:icon="-1996157097_icon.png" publish:qualifiedname="Modelo de caso de uso::Autentifikazioa::Register::Register::&lt;ControlFlow&gt;" xmi:id="__.vIB4JVTE.e.y.iA_4.aZ.bX.k5A" xsi:type="uml:ControlFlow"/><publish:element name="Ez" publish:icon="-1996157097_icon.png" publish:qualifiedname="Modelo de caso de uso::Autentifikazioa::Register::Register::Ez" xmi:id="_A0.aO8JVUE.e.y.iA_4.aZ.bX.k5A" xsi:type="uml:ControlFlow"/><publish:element name="Bai" publish:icon="-1996157097_icon.png" publish:qualifiedname="Modelo de caso de uso::Autentifikazioa::Register::Register::Bai" xmi:id="_B.n1P8JVUE.e.y.iA_4.aZ.bX.k5A" xsi:type="uml:ControlFlow"/><publish:element name="Erabiltzailea" publish:icon="-905637937_icon.png" publish:qualifiedname="Modelo de caso de uso::Autentifikazioa::Erabiltzailea" xmi:id="_.vXPC4JVSE.e.y.iA_4.aZ.bX.k5A" xsi:type="uml:Actor"/><publish:element name="Login" publish:icon="839192717_icon.png" publish:qualifiedname="Modelo de caso de uso::Autentifikazioa::Login" xmi:id="_3URK4JVSE.e.y.iA_4.aZ.bX.k5A" xsi:type="uml:UseCase"/><publish:element name="Hasiera" publish:icon="-872084318_icon.png" publish:qualifiedname="Modelo de caso de uso::Autentifikazioa::Login::Login::Hasiera" xmi:id="_H.i.h.yAJ.vRE.e.y9.r6LNW.v7HAQ" xsi:type="uml:InitialNode"/><publish:element name="Datuak egokiak dira" publish:icon="-1996157212_icon.png" publish:qualifiedname="Modelo de caso de uso::Autentifikazioa::Login::Login::Datuak egokiak dira" xmi:id="_MGS4IJ.vRE.e.y9.r6LNW.v7HAQ" xsi:type="uml:DecisionNode"/><publish:element name="Datuak bat datoz" publish:icon="-1996157212_icon.png" publish:qualifiedname="Modelo de caso de uso::Autentifikazioa::Login::Login::Datuak bat datoz" xmi:id="_Z.r.aC8J.vRE.e.y9.r6LNW.v7HAQ" xsi:type="uml:DecisionNode"/><publish:element publish:icon="-1996157097_icon.png" publish:qualifiedname="Modelo de caso de uso::Autentifikazioa::Login::Login::&lt;ControlFlow&gt;" xmi:id="_KG.c.gQJ.vRE.e.y9.r6LNW.v7HAQ" xsi:type="uml:ControlFlow"/><publish:element publish:icon="-1996157097_icon.png" publish:qualifiedname="Modelo de caso de uso::Autentifikazioa::Login::Login::&lt;ControlFlow&gt;" xmi:id="_N_.cLEJ.vRE.e.y9.r6LNW.v7HAQ" xsi:type="uml:ControlFlow"/><publish:element name="Bai" publish:icon="-1996157097_icon.png" publish:qualifiedname="Modelo de caso de uso::Autentifikazioa::Login::Login::Bai" xmi:id="_R93.v.gJ.vRE.e.y9.r6LNW.v7HAQ" xsi:type="uml:ControlFlow"/><publish:element name="Ez" publish:icon="-1996157097_icon.png" publish:qualifiedname="Modelo de caso de uso::Autentifikazioa::Login::Login::Ez" xmi:id="_VX.l.dUJ.vRE.e.y9.r6LNW.v7HAQ" xsi:type="uml:ControlFlow"/><publish:element publish:icon="-1996157097_icon.png" publish:qualifiedname="Modelo de caso de uso::Autentifikazioa::Login::Login::&lt;ControlFlow&gt;" xmi:id="_W-.s.lEJ.vRE.e.y9.r6LNW.v7HAQ" xsi:type="uml:ControlFlow"/><publish:element publish:icon="-1996157097_icon.png" publish:qualifiedname="Modelo de caso de uso::Autentifikazioa::Login::Login::&lt;ControlFlow&gt;" xmi:id="_.c.bY3QJ.vRE.e.y9.r6LNW.v7HAQ" xsi:type="uml:ControlFlow"/><publish:element name="Ez" publish:icon="-1996157097_icon.png" publish:qualifiedname="Modelo de caso de uso::Autentifikazioa::Login::Login::Ez" xmi:id="_.i.pP.g.oJ.vRE.e.y9.r6LNW.v7HAQ" xsi:type="uml:ControlFlow"/><publish:element name="Bai" publish:icon="-1996157097_icon.png" publish:qualifiedname="Modelo de caso de uso::Autentifikazioa::Login::Login::Bai" xmi:id="_.jN.m.x8J.vRE.e.y9.r6LNW.v7HAQ" xsi:type="uml:ControlFlow"/><publish:element publish:icon="-1996157097_icon.png" publish:qualifiedname="Modelo de caso de uso::Autentifikazioa::Login::Login::&lt;ControlFlow&gt;" xmi:id="_.kL.mEMJ.vRE.e.y9.r6LNW.v7HAQ" xsi:type="uml:ControlFlow"/><publish:element publish:icon="-1979378749_icon.png" publish:qualifiedname="Modelo de caso de uso::Autentifikazioa::&lt;Association&gt;" xmi:id="_AP.k5AJVTE.e.y.iA_4.aZ.bX.k5A" xsi:type="uml:Association"/><publish:element publish:icon="-1979378749_icon.png" publish:qualifiedname="Modelo de caso de uso::Autentifikazioa::&lt;Association&gt;" xmi:id="_BHKBQJVTE.e.y.iA_4.aZ.bX.k5A" xsi:type="uml:Association"/></publish:elements>