<?xml version="1.0" encoding="UTF-8"?><uml:Model xmlns:uml="http://www.eclipse.org/uml2/1.0.0/UML" name="Modelo de caso de uso" xmlns:publish="http://www.ibm.com/Rational/XTools/Publish" publish:diagramFormat="PNG" publish:icon="2131038179_icon.png" publish:modelname="Modelo de caso de uso" publish:profiles="Standard, Default, Deployment" publish:qualifiedname="Modelo de caso de uso" publish:sortOrder="alphabetical" publish:toplevelguid="_1J.i.q.oJVQE.e.y.iA_4.aZ.bX.k5A" xmlns:xmi="http://www.omg.org/XMI" xmi:id="_1J.i.q.oJVQE.e.y.iA_4.aZ.bX.k5A" xmi:version="2.0" xmlns:com.ibm.xtools.notation="http:///com/ibm/xtools/notation.ecore" xmlns:xsi="http://www.w3.org/2001/XMLSchema-instance" xsi:type="uml:Model"><publish:properties><publish:property canonicalName="Alias" name="Alias" publish:category="UML"/><publish:property canonicalName="Stereotype" name="Estereotipo" publish:category="UML"/><publish:property canonicalName="name" name="Name" publish:category="UML" publish:value="Modelo de caso de uso"/><publish:property canonicalName="nameExpression" name="Name Expression" publish:category="UML"/><publish:property canonicalName="namespace" name="Namespace" publish:category="UML"/><publish:property canonicalName="nestingPackage" name="Nesting Package" publish:category="UML"/><publish:property canonicalName="ownedTemplateSignature" name="Owned Template Signature" publish:category="UML"/><publish:property canonicalName="owner" name="Owner" publish:category="UML"/><publish:property canonicalName="owningTemplateParameter" name="Owning Template Parameter" publish:category="UML"/><publish:property canonicalName="Keywords" name="Palabras clave" publish:category="UML"/><publish:property canonicalName="qualifiedName" name="Qualified Name" publish:category="UML" publish:value="Modelo de caso de uso"/><publish:property canonicalName="templateParameter" name="Template Parameter" publish:category="UML"/><publish:property canonicalName="viewpoint" name="Viewpoint" publish:category="UML"/><publish:property canonicalName="visibility" name="Visibility" publish:category="UML" publish:value="Public"/></publish:properties><appliedProfiles><profile name="Standard" visibility="public"/><profile name="Default" visibility="public"/><profile name="Deployment" visibility="public"/></appliedProfiles><contents Type="Freeform" isDefault="false" name="${project} Use Case Overview" publish:icon="-1358622589_icon.png" publish:imageType="PNG" publish:qualifiedname="Modelo de caso de uso::${project} Use Case Overview" xmi:id="_1J.i.q.o.pVQE.e.y.iA_4.aZ.bX.k5A" xsi:type="notation:Diagram"><publish:properties><publish:property canonicalName="pageHeight" name="Altura de página" publish:category="Ver" publish:value="100"/><publish:property canonicalName="pageWidth" name="Anchura de página" publish:category="Ver" publish:value="100"/><publish:property canonicalName="description" name="Descripción" publish:category="Ver"/><publish:property canonicalName="linkLayout" name="Diseño de enlace" publish:category="Ver" publish:value="Ninguno"/><publish:property canonicalName="labelLayout" name="Diseño de etiqueta" publish:category="Ver" publish:value="Ninguno"/><publish:property canonicalName="graphLayout" name="Diseño de gráfico" publish:category="Ver" publish:value="VerticalOrtogonalJerárquico"/><publish:property canonicalName="styles" name="Estilos" publish:category="Ver"/><publish:property canonicalName="name" name="Nombre" publish:category="Ver" publish:value="${project} Use Case Overview"/><publish:property canonicalName="pageX" name="Página X" publish:category="Ver" publish:value="0"/><publish:property canonicalName="pageY" name="Página Y" publish:category="Ver" publish:value="0"/><publish:property canonicalName="measurementUnit" name="Unidad de medida" publish:category="Ver" publish:value="Himetric"/><publish:property canonicalName="useAliasName" name="Utilizar nombre de alias" publish:category="Ver" publish:value="false"/></publish:properties><publish:partInfo name="Versatile Actors" publish:ismodellink="false" publish:partLowerX="627" publish:partLowerY="113" publish:partUpperX="15" publish:partUpperY="97" shape="rect" xmi:id="_1J.i.rH5VQE.e.y.iA_4.aZ.bX.k5A"/><publish:partInfo name="Versatile Actors" publish:ismodellink="false" publish:partLowerX="627" publish:partLowerY="92" publish:partUpperX="15" publish:partUpperY="76" shape="rect" xmi:id="_1J.i.rH5VQE.e.y.iA_4.aZ.bX.k5A"/><publish:partInfo name="Versatile Actors" publish:ismodellink="false" publish:partLowerX="633" publish:partLowerY="120" publish:partUpperX="9" publish:partUpperY="70" shape="rect" xmi:id="_1J.i.rH5VQE.e.y.iA_4.aZ.bX.k5A"/></contents><contents Type="Class" isDefault="true" name="Instructions" publish:icon="84216917_icon.png" publish:imageType="PNG" publish:qualifiedname="Modelo de caso de uso::Instructions" xmi:id="_1J.i.q.s5VQE.e.y.iA_4.aZ.bX.k5A" xsi:type="notation:Diagram"><publish:properties><publish:property canonicalName="pageHeight" name="Altura de página" publish:category="Ver" publish:value="100"/><publish:property canonicalName="pageWidth" name="Anchura de página" publish:category="Ver" publish:value="100"/><publish:property canonicalName="description" name="Descripción" publish:category="Ver"/><publish:property canonicalName="linkLayout" name="Diseño de enlace" publish:category="Ver" publish:value="Ninguno"/><publish:property canonicalName="labelLayout" name="Diseño de etiqueta" publish:category="Ver" publish:value="Ninguno"/><publish:property canonicalName="graphLayout" name="Diseño de gráfico" publish:category="Ver" publish:value="VerticalOrtogonalJerárquico"/><publish:property canonicalName="styles" name="Estilos" publish:category="Ver"/><publish:property canonicalName="name" name="Nombre" publish:category="Ver" publish:value="Instructions"/><publish:property canonicalName="pageX" name="Página X" publish:category="Ver" publish:value="0"/><publish:property canonicalName="pageY" name="Página Y" publish:category="Ver" publish:value="0"/><publish:property canonicalName="measurementUnit" name="Unidad de medida" publish:category="Ver" publish:value="Himetric"/><publish:property canonicalName="useAliasName" name="Utilizar nombre de alias" publish:category="Ver" publish:value="false"/></publish:properties><publish:partInfo name="Use-Case Building Block Instructions" publish:ismodellink="false" publish:partLowerX="273" publish:partLowerY="1020" publish:partUpperX="22" publish:partUpperY="1015" shape="rect" xmi:id="_1J.i.q15VQE.e.y.iA_4.aZ.bX.k5A"/><publish:partInfo name="Use-Case Building Block Instructions" publish:ismodellink="false" publish:partLowerX="273" publish:partLowerY="1009" publish:partUpperX="22" publish:partUpperY="992" shape="rect" xmi:id="_1J.i.q15VQE.e.y.iA_4.aZ.bX.k5A"/><publish:partInfo name="Use-Case Building Block Instructions" publish:ismodellink="false" publish:partLowerX="279" publish:partLowerY="1025" publish:partUpperX="16" publish:partUpperY="986" shape="rect" xmi:id="_1J.i.q15VQE.e.y.iA_4.aZ.bX.k5A"/></contents><packageImport name="&lt;PackageImport sin nombre&gt;" publish:icon="1795492544_icon.png" publish:qualifiedname="Modelo de caso de uso::&lt;PackageImport&gt;" xmi:id="_1J.i.q1JVQE.e.y.iA_4.aZ.bX.k5A" xsi:type="uml:PackageImport"><publish:properties><publish:property canonicalName="Stereotype" name="Estereotipo" publish:category="UML"/><publish:property canonicalName="importedPackage" name="Imported Package" publish:category="UML" publish:value="«modelLibrary» UMLPrimitiveTypes"/><publish:property canonicalName="importingNamespace" name="Importing Namespace" publish:category="UML" publish:ismodellink="true" publish:value="Modelo de caso de uso" xmi:id="_1J.i.q.oJVQE.e.y.iA_4.aZ.bX.k5A"/><publish:property canonicalName="owner" name="Owner" publish:category="UML" publish:ismodellink="true" publish:value="Modelo de caso de uso" xmi:id="_1J.i.q.oJVQE.e.y.iA_4.aZ.bX.k5A"/><publish:property canonicalName="Keywords" name="Palabras clave" publish:category="UML"/><publish:property canonicalName="visibility" name="Visibility" publish:category="UML" publish:value="Public"/></publish:properties></packageImport></uml:Model>