<?xml version="1.0" encoding="UTF-8"?><packagedElement name="Overviews" xmlns:publish="http://www.ibm.com/Rational/XTools/Publish" publish:diagramFormat="PNG" publish:icon="-1945825930_icon.png" publish:modelname="Modelo de caso de uso" publish:qualifiedname="Modelo de caso de uso::Overviews" publish:sortOrder="alphabetical" publish:toplevelguid="_1J.i.q.oJVQE.e.y.iA_4.aZ.bX.k5A" xmlns:xmi="http://www.omg.org/XMI" xmi:id="_1J.i.rKJVQE.e.y.iA_4.aZ.bX.k5A" xmi:version="2.0" xmlns:com.ibm.xtools.notation="http:///com/ibm/xtools/notation.ecore" xmlns:uml="http://www.eclipse.org/uml2/1.0.0/UML" xmlns:xsi="http://www.w3.org/2001/XMLSchema-instance" xsi:type="uml:Package"><publish:properties><publish:property canonicalName="Alias" name="Alias" publish:category="UML"/><publish:property canonicalName="Stereotype" name="Estereotipo" publish:category="UML" publish:value="perspectiva"/><publish:property canonicalName="name" name="Name" publish:category="UML" publish:value="Overviews"/><publish:property canonicalName="nameExpression" name="Name Expression" publish:category="UML"/><publish:property canonicalName="namespace" name="Namespace" publish:category="UML" publish:ismodellink="true" publish:value="Modelo de caso de uso" xmi:id="_1J.i.q.oJVQE.e.y.iA_4.aZ.bX.k5A"/><publish:property canonicalName="nestingPackage" name="Nesting Package" publish:category="UML" publish:ismodellink="true" publish:value="Modelo de caso de uso" xmi:id="_1J.i.q.oJVQE.e.y.iA_4.aZ.bX.k5A"/><publish:property canonicalName="ownedTemplateSignature" name="Owned Template Signature" publish:category="UML"/><publish:property canonicalName="owner" name="Owner" publish:category="UML" publish:ismodellink="true" publish:value="Modelo de caso de uso" xmi:id="_1J.i.q.oJVQE.e.y.iA_4.aZ.bX.k5A"/><publish:property canonicalName="owningTemplateParameter" name="Owning Template Parameter" publish:category="UML"/><publish:property canonicalName="Keywords" name="Palabras clave" publish:category="UML"/><publish:property canonicalName="qualifiedName" name="Qualified Name" publish:category="UML" publish:value="Modelo de caso de uso::Overviews"/><publish:property canonicalName="templateParameter" name="Template Parameter" publish:category="UML"/><publish:property canonicalName="visibility" name="Visibility" publish:category="UML" publish:value="Public"/></publish:properties><contents Type="Class" isDefault="true" name="Overviews" publish:icon="84216917_icon.png" publish:imageType="PNG" publish:qualifiedname="Modelo de caso de uso::Overviews::Overviews" xmi:id="_1J.i.rK.pVQE.e.y.iA_4.aZ.bX.k5A" xsi:type="notation:Diagram"><publish:properties><publish:property canonicalName="pageHeight" name="Altura de página" publish:category="Ver" publish:value="100"/><publish:property canonicalName="pageWidth" name="Anchura de página" publish:category="Ver" publish:value="100"/><publish:property canonicalName="description" name="Descripción" publish:category="Ver"/><publish:property canonicalName="linkLayout" name="Diseño de enlace" publish:category="Ver" publish:value="Ninguno"/><publish:property canonicalName="labelLayout" name="Diseño de etiqueta" publish:category="Ver" publish:value="Ninguno"/><publish:property canonicalName="graphLayout" name="Diseño de gráfico" publish:category="Ver" publish:value="VerticalOrtogonalJerárquico"/><publish:property canonicalName="styles" name="Estilos" publish:category="Ver"/><publish:property canonicalName="name" name="Nombre" publish:category="Ver" publish:value="Overviews"/><publish:property canonicalName="pageX" name="Página X" publish:category="Ver" publish:value="0"/><publish:property canonicalName="pageY" name="Página Y" publish:category="Ver" publish:value="0"/><publish:property canonicalName="measurementUnit" name="Unidad de medida" publish:category="Ver" publish:value="Himetric"/><publish:property canonicalName="useAliasName" name="Utilizar nombre de alias" publish:category="Ver" publish:value="false"/></publish:properties><publish:partInfo name="Context Diagram" publish:ismodellink="false" publish:partLowerX="855" publish:partLowerY="347" publish:partUpperX="45" publish:partUpperY="303" shape="rect" xmi:id="_1J.i.rTJVQE.e.y.iA_4.aZ.bX.k5A"/><publish:partInfo name="Context Diagram" publish:ismodellink="false" publish:partLowerX="855" publish:partLowerY="298" publish:partUpperX="45" publish:partUpperY="271" shape="rect" xmi:id="_1J.i.rTJVQE.e.y.iA_4.aZ.bX.k5A"/><publish:partInfo name="Context Diagram" publish:ismodellink="false" publish:partLowerX="862" publish:partLowerY="353" publish:partUpperX="40" publish:partUpperY="265" shape="rect" xmi:id="_1J.i.rTJVQE.e.y.iA_4.aZ.bX.k5A"/><publish:partInfo name="Actors Overview" publish:ismodellink="false" publish:partLowerX="750" publish:partLowerY="239" publish:partUpperX="119" publish:partUpperY="196" shape="rect" xmi:id="_1J.i.rRZVQE.e.y.iA_4.aZ.bX.k5A"/><publish:partInfo name="Actors Overview" publish:ismodellink="false" publish:partLowerX="750" publish:partLowerY="190" publish:partUpperX="119" publish:partUpperY="164" shape="rect" xmi:id="_1J.i.rRZVQE.e.y.iA_4.aZ.bX.k5A"/><publish:partInfo name="Actors Overview" publish:ismodellink="false" publish:partLowerX="756" publish:partLowerY="244" publish:partUpperX="113" publish:partUpperY="158" shape="rect" xmi:id="_1J.i.rRZVQE.e.y.iA_4.aZ.bX.k5A"/></contents><contents Type="Usecase" isDefault="false" name="Actors Overview" publish:icon="-1476063307_icon.png" publish:imageType="PNG" publish:qualifiedname="Modelo de caso de uso::Overviews::Actors Overview" xmi:id="_1J.i.rRZVQE.e.y.iA_4.aZ.bX.k5A" xsi:type="notation:Diagram"><publish:properties><publish:property canonicalName="pageHeight" name="Altura de página" publish:category="Ver" publish:value="100"/><publish:property canonicalName="pageWidth" name="Anchura de página" publish:category="Ver" publish:value="100"/><publish:property canonicalName="description" name="Descripción" publish:category="Ver"/><publish:property canonicalName="linkLayout" name="Diseño de enlace" publish:category="Ver" publish:value="Ninguno"/><publish:property canonicalName="labelLayout" name="Diseño de etiqueta" publish:category="Ver" publish:value="Ninguno"/><publish:property canonicalName="graphLayout" name="Diseño de gráfico" publish:category="Ver" publish:value="VerticalOrtogonalJerárquico"/><publish:property canonicalName="styles" name="Estilos" publish:category="Ver"/><publish:property canonicalName="name" name="Nombre" publish:category="Ver" publish:value="Actors Overview"/><publish:property canonicalName="pageX" name="Página X" publish:category="Ver" publish:value="0"/><publish:property canonicalName="pageY" name="Página Y" publish:category="Ver" publish:value="0"/><publish:property canonicalName="measurementUnit" name="Unidad de medida" publish:category="Ver" publish:value="Himetric"/><publish:property canonicalName="useAliasName" name="Utilizar nombre de alias" publish:category="Ver" publish:value="false"/></publish:properties></contents><contents Type="Usecase" isDefault="false" name="Context Diagram" publish:icon="-1476063307_icon.png" publish:imageType="PNG" publish:qualifiedname="Modelo de caso de uso::Overviews::Context Diagram" xmi:id="_1J.i.rTJVQE.e.y.iA_4.aZ.bX.k5A" xsi:type="notation:Diagram"><publish:properties><publish:property canonicalName="pageHeight" name="Altura de página" publish:category="Ver" publish:value="100"/><publish:property canonicalName="pageWidth" name="Anchura de página" publish:category="Ver" publish:value="100"/><publish:property canonicalName="description" name="Descripción" publish:category="Ver"/><publish:property canonicalName="linkLayout" name="Diseño de enlace" publish:category="Ver" publish:value="Ninguno"/><publish:property canonicalName="labelLayout" name="Diseño de etiqueta" publish:category="Ver" publish:value="Ninguno"/><publish:property canonicalName="graphLayout" name="Diseño de gráfico" publish:category="Ver" publish:value="VerticalOrtogonalJerárquico"/><publish:property canonicalName="styles" name="Estilos" publish:category="Ver"/><publish:property canonicalName="name" name="Nombre" publish:category="Ver" publish:value="Context Diagram"/><publish:property canonicalName="pageX" name="Página X" publish:category="Ver" publish:value="0"/><publish:property canonicalName="pageY" name="Página Y" publish:category="Ver" publish:value="0"/><publish:property canonicalName="measurementUnit" name="Unidad de medida" publish:category="Ver" publish:value="Himetric"/><publish:property canonicalName="useAliasName" name="Utilizar nombre de alias" publish:category="Ver" publish:value="false"/></publish:properties></contents></packagedElement>