<?xml version="1.0" encoding="UTF-8"?><packagedElement name="Use-Case Building Blocks" xmlns:publish="http://www.ibm.com/Rational/XTools/Publish" publish:diagramFormat="PNG" publish:icon="-1945825930_icon.png" publish:modelname="Modelo de caso de uso" publish:qualifiedname="Modelo de caso de uso::Use-Case Building Blocks" publish:sortOrder="alphabetical" publish:toplevelguid="_1J.i.q.oJVQE.e.y.iA_4.aZ.bX.k5A" xmlns:xmi="http://www.omg.org/XMI" xmi:id="_1J.i.q1ZVQE.e.y.iA_4.aZ.bX.k5A" xmi:version="2.0" xmlns:com.ibm.xtools.notation="http:///com/ibm/xtools/notation.ecore" xmlns:uml="http://www.eclipse.org/uml2/1.0.0/UML" xmlns:xsi="http://www.w3.org/2001/XMLSchema-instance" xsi:type="uml:Package"><publish:properties><publish:property canonicalName="Alias" name="Alias" publish:category="UML"/><publish:property canonicalName="Stereotype" name="Estereotipo" publish:category="UML"/><publish:property canonicalName="name" name="Name" publish:category="UML" publish:value="Use-Case Building Blocks"/><publish:property canonicalName="nameExpression" name="Name Expression" publish:category="UML"/><publish:property canonicalName="namespace" name="Namespace" publish:category="UML" publish:ismodellink="true" publish:value="Modelo de caso de uso" xmi:id="_1J.i.q.oJVQE.e.y.iA_4.aZ.bX.k5A"/><publish:property canonicalName="nestingPackage" name="Nesting Package" publish:category="UML" publish:ismodellink="true" publish:value="Modelo de caso de uso" xmi:id="_1J.i.q.oJVQE.e.y.iA_4.aZ.bX.k5A"/><publish:property canonicalName="ownedTemplateSignature" name="Owned Template Signature" publish:category="UML"/><publish:property canonicalName="owner" name="Owner" publish:category="UML" publish:ismodellink="true" publish:value="Modelo de caso de uso" xmi:id="_1J.i.q.oJVQE.e.y.iA_4.aZ.bX.k5A"/><publish:property canonicalName="owningTemplateParameter" name="Owning Template Parameter" publish:category="UML"/><publish:property canonicalName="Keywords" name="Palabras clave" publish:category="UML"/><publish:property canonicalName="qualifiedName" name="Qualified Name" publish:category="UML" publish:value="Modelo de caso de uso::Use-Case Building Blocks"/><publish:property canonicalName="templateParameter" name="Template Parameter" publish:category="UML"/><publish:property canonicalName="visibility" name="Visibility" publish:category="UML" publish:value="Public"/></publish:properties><contents Type="Class" isDefault="true" name="Use-Case Building Block Instructions" publish:icon="84216917_icon.png" publish:imageType="PNG" publish:qualifiedname="Modelo de caso de uso::Use-Case Building Blocks::Use-Case Building Block Instructions" xmi:id="_1J.i.q15VQE.e.y.iA_4.aZ.bX.k5A" xsi:type="notation:Diagram"><publish:properties><publish:property canonicalName="pageHeight" name="Altura de página" publish:category="Ver" publish:value="100"/><publish:property canonicalName="pageWidth" name="Anchura de página" publish:category="Ver" publish:value="100"/><publish:property canonicalName="description" name="Descripción" publish:category="Ver"/><publish:property canonicalName="linkLayout" name="Diseño de enlace" publish:category="Ver" publish:value="Ninguno"/><publish:property canonicalName="labelLayout" name="Diseño de etiqueta" publish:category="Ver" publish:value="Ninguno"/><publish:property canonicalName="graphLayout" name="Diseño de gráfico" publish:category="Ver" publish:value="VerticalOrtogonalJerárquico"/><publish:property canonicalName="styles" name="Estilos" publish:category="Ver"/><publish:property canonicalName="name" name="Nombre" publish:category="Ver" publish:value="Use-Case Building Block Instructions"/><publish:property canonicalName="pageX" name="Página X" publish:category="Ver" publish:value="0"/><publish:property canonicalName="pageY" name="Página Y" publish:category="Ver" publish:value="0"/><publish:property canonicalName="measurementUnit" name="Unidad de medida" publish:category="Ver" publish:value="Himetric"/><publish:property canonicalName="useAliasName" name="Utilizar nombre de alias" publish:category="Ver" publish:value="false"/></publish:properties><publish:partInfo name="${functional.area}" publish:ismodellink="false" publish:partLowerX="231" publish:partLowerY="351" publish:partUpperX="70" publish:partUpperY="339" shape="rect" xmi:id="_1J.i.rB.pVQE.e.y.iA_4.aZ.bX.k5A"/><publish:partInfo name="${functional.area}" publish:ismodellink="false" publish:partLowerX="231" publish:partLowerY="333" publish:partUpperX="70" publish:partUpperY="315" shape="rect" xmi:id="_1J.i.rB.pVQE.e.y.iA_4.aZ.bX.k5A"/><publish:partInfo name="${functional.area}" publish:ismodellink="false" publish:partLowerX="0" publish:partLowerY="0" publish:partUpperX="0" publish:partUpperY="0" shape="rect" xmi:id="_1J.i.rB.pVQE.e.y.iA_4.aZ.bX.k5A"/><publish:partInfo name="${functional.area}" publish:ismodellink="false" publish:partLowerX="0" publish:partLowerY="0" publish:partUpperX="0" publish:partUpperY="0" shape="rect" xmi:id="_1J.i.rB.pVQE.e.y.iA_4.aZ.bX.k5A"/><publish:partInfo name="${functional.area}" publish:ismodellink="false" publish:partLowerX="238" publish:partLowerY="358" publish:partUpperX="66" publish:partUpperY="299" shape="rect" xmi:id="_1J.i.rB.pVQE.e.y.iA_4.aZ.bX.k5A"/><publish:partInfo name="${use.case}" publish:ismodellink="false" publish:partLowerX="184" publish:partLowerY="517" publish:partUpperX="91" publish:partUpperY="499" shape="rect" xmi:id="_1J.i.rE5VQE.e.y.iA_4.aZ.bX.k5A"/><publish:partInfo name="${use.case}" publish:ismodellink="false" publish:partLowerX="0" publish:partLowerY="0" publish:partUpperX="0" publish:partUpperY="0" shape="rect" xmi:id="_1J.i.rE5VQE.e.y.iA_4.aZ.bX.k5A"/><publish:partInfo name="${use.case}" publish:ismodellink="false" publish:partLowerX="194" publish:partLowerY="496" publish:partUpperX="81" publish:partUpperY="434" shape="rect" xmi:id="_1J.i.rE5VQE.e.y.iA_4.aZ.bX.k5A"/><publish:partInfo name="${use.case}" publish:ismodellink="false" publish:partLowerX="194" publish:partLowerY="520" publish:partUpperX="81" publish:partUpperY="434" shape="rect" xmi:id="_1J.i.rE5VQE.e.y.iA_4.aZ.bX.k5A"/></contents><packagedElement name="${use.case}" publish:icon="839192717_icon.png" publish:qualifiedname="Modelo de caso de uso::Use-Case Building Blocks::${use.case}" xmi:id="_1J.i.rE5VQE.e.y.iA_4.aZ.bX.k5A" xsi:type="uml:UseCase"><publish:properties><publish:property canonicalName="Alias" name="Alias" publish:category="UML"/><publish:property canonicalName="classifierBehavior" name="Classifier Behavior" publish:category="UML"/><publish:property canonicalName="Stereotype" name="Estereotipo" publish:category="UML"/><publish:property canonicalName="isAbstract" name="Is Abstract" publish:category="UML" publish:value="false"/><publish:property canonicalName="isLeaf" name="Is Leaf" publish:category="UML" publish:value="false"/><publish:property canonicalName="name" name="Name" publish:category="UML" publish:value="${use.case}"/><publish:property canonicalName="nameExpression" name="Name Expression" publish:category="UML"/><publish:property canonicalName="namespace" name="Namespace" publish:category="UML" publish:ismodellink="false" publish:value="Use-Case Building Blocks" xmi:id="_1J.i.q1ZVQE.e.y.iA_4.aZ.bX.k5A"/><publish:property canonicalName="ownedTemplateSignature" name="Owned Template Signature" publish:category="UML"/><publish:property canonicalName="owner" name="Owner" publish:category="UML" publish:ismodellink="false" publish:value="Use-Case Building Blocks" xmi:id="_1J.i.q1ZVQE.e.y.iA_4.aZ.bX.k5A"/><publish:property canonicalName="owningTemplateParameter" name="Owning Template Parameter" publish:category="UML"/><publish:property canonicalName="package" name="Package" publish:category="UML" publish:ismodellink="false" publish:value="Use-Case Building Blocks" xmi:id="_1J.i.q1ZVQE.e.y.iA_4.aZ.bX.k5A"/><publish:property canonicalName="Keywords" name="Palabras clave" publish:category="UML"/><publish:property canonicalName="qualifiedName" name="Qualified Name" publish:category="UML" publish:value="Modelo de caso de uso::Use-Case Building Blocks::${use.case}"/><publish:property canonicalName="representation" name="Representation" publish:category="UML"/><publish:property canonicalName="templateParameter" name="Template Parameter" publish:category="UML"/><publish:property canonicalName="visibility" name="Visibility" publish:category="UML" publish:value="Public"/></publish:properties><ownedBehavior name="${use.case}" publish:icon="1308953222_icon.png" publish:qualifiedname="Modelo de caso de uso::Use-Case Building Blocks::${use.case}::${use.case}" xmi:id="_1J.i.rFJVQE.e.y.iA_4.aZ.bX.k5A" xsi:type="uml:Activity"><publish:properties><publish:property canonicalName="Alias" name="Alias" publish:category="UML"/><publish:property canonicalName="classifierBehavior" name="Classifier Behavior" publish:category="UML"/><publish:property canonicalName="context" name="Context" publish:category="UML" publish:ismodellink="false" publish:value="${use.case}" xmi:id="_1J.i.rE5VQE.e.y.iA_4.aZ.bX.k5A"/><publish:property canonicalName="Stereotype" name="Estereotipo" publish:category="UML"/><publish:property canonicalName="isAbstract" name="Is Abstract" publish:category="UML" publish:value="false"/><publish:property canonicalName="isActive" name="Is Active" publish:category="UML" publish:value="false"/><publish:property canonicalName="isLeaf" name="Is Leaf" publish:category="UML" publish:value="false"/><publish:property canonicalName="isReadOnly" name="Is Read Only" publish:category="UML" publish:value="false"/><publish:property canonicalName="isReentrant" name="Is Reentrant" publish:category="UML" publish:value="false"/><publish:property canonicalName="isSingleExecution" name="Is Single Execution" publish:category="UML" publish:value="false"/><publish:property canonicalName="name" name="Name" publish:category="UML" publish:value="${use.case}"/><publish:property canonicalName="nameExpression" name="Name Expression" publish:category="UML"/><publish:property canonicalName="namespace" name="Namespace" publish:category="UML" publish:ismodellink="false" publish:value="${use.case}" xmi:id="_1J.i.rE5VQE.e.y.iA_4.aZ.bX.k5A"/><publish:property canonicalName="ownedTemplateSignature" name="Owned Template Signature" publish:category="UML"/><publish:property canonicalName="owner" name="Owner" publish:category="UML" publish:ismodellink="false" publish:value="${use.case}" xmi:id="_1J.i.rE5VQE.e.y.iA_4.aZ.bX.k5A"/><publish:property canonicalName="owningTemplateParameter" name="Owning Template Parameter" publish:category="UML"/><publish:property canonicalName="package" name="Package" publish:category="UML"/><publish:property canonicalName="Keywords" name="Palabras clave" publish:category="UML"/><publish:property canonicalName="qualifiedName" name="Qualified Name" publish:category="UML" publish:value="Modelo de caso de uso::Use-Case Building Blocks::${use.case}::${use.case}"/><publish:property canonicalName="representation" name="Representation" publish:category="UML"/><publish:property canonicalName="specification" name="Specification" publish:category="UML"/><publish:property canonicalName="templateParameter" name="Template Parameter" publish:category="UML"/><publish:property canonicalName="visibility" name="Visibility" publish:category="UML" publish:value="Public"/></publish:properties><contents Type="Activity" isDefault="true" name="${use.case} Activity Diagram" publish:icon="1292176387_icon.png" publish:imageType="PNG" publish:qualifiedname="Modelo de caso de uso::Use-Case Building Blocks::${use.case}::${use.case}::${use.case} Activity Diagram" xmi:id="_1J.i.rF.pVQE.e.y.iA_4.aZ.bX.k5A" xsi:type="notation:Diagram"><publish:properties><publish:property canonicalName="pageHeight" name="Altura de página" publish:category="Ver" publish:value="100"/><publish:property canonicalName="pageWidth" name="Anchura de página" publish:category="Ver" publish:value="100"/><publish:property canonicalName="description" name="Descripción" publish:category="Ver"/><publish:property canonicalName="linkLayout" name="Diseño de enlace" publish:category="Ver" publish:value="Ninguno"/><publish:property canonicalName="labelLayout" name="Diseño de etiqueta" publish:category="Ver" publish:value="Ninguno"/><publish:property canonicalName="graphLayout" name="Diseño de gráfico" publish:category="Ver" publish:value="VerticalOrtogonalJerárquico"/><publish:property canonicalName="styles" name="Estilos" publish:category="Ver"/><publish:property canonicalName="name" name="Nombre" publish:category="Ver" publish:value="${use.case} Activity Diagram"/><publish:property canonicalName="pageX" name="Página X" publish:category="Ver" publish:value="0"/><publish:property canonicalName="pageY" name="Página Y" publish:category="Ver" publish:value="0"/><publish:property canonicalName="measurementUnit" name="Unidad de medida" publish:category="Ver" publish:value="Himetric"/><publish:property canonicalName="useAliasName" name="Utilizar nombre de alias" publish:category="Ver" publish:value="false"/></publish:properties><publish:partInfo name="${use.case}" publish:ismodellink="false" publish:partLowerX="127" publish:partLowerY="33" publish:partUpperX="15" publish:partUpperY="15" shape="rect" xmi:id="_1J.i.rFJVQE.e.y.iA_4.aZ.bX.k5A"/><publish:partInfo name="${use.case}" publish:ismodellink="false" publish:partLowerX="608" publish:partLowerY="408" publish:partUpperX="10" publish:partUpperY="38" shape="rect" xmi:id="_1J.i.rFJVQE.e.y.iA_4.aZ.bX.k5A"/><publish:partInfo name="${use.case}" publish:ismodellink="false" publish:partLowerX="609" publish:partLowerY="408" publish:partUpperX="9" publish:partUpperY="9" shape="rect" xmi:id="_1J.i.rFJVQE.e.y.iA_4.aZ.bX.k5A"/></contents></ownedBehavior></packagedElement></packagedElement>