<?xml version="1.0" encoding="UTF-8"?><publish:diagrams xmlns:publish="http://www.ibm.com/Rational/XTools/Publish" xmlns:xmi="http://www.omg.org/XMI"><publish:diagram name="${functional.area} Use Cases" publish:icon="-1476063307_icon.png" publish:qualifiedname="Modelo de caso de uso::Use-Case Building Blocks::${functional.area}::${functional.area} Use Cases" xmi:id="_1J.i.rCJVQE.e.y.iA_4.aZ.bX.k5A"/><publish:diagram name="${project} Use Case Overview" publish:icon="-1358622589_icon.png" publish:qualifiedname="Modelo de caso de uso::${project} Use Case Overview" xmi:id="_1J.i.q.o.pVQE.e.y.iA_4.aZ.bX.k5A"/><publish:diagram name="Instructions" publish:icon="84216917_icon.png" publish:qualifiedname="Modelo de caso de uso::Instructions" xmi:id="_1J.i.q.s5VQE.e.y.iA_4.aZ.bX.k5A"/><publish:diagram name="Versatile Actors" publish:icon="-1476063307_icon.png" publish:qualifiedname="Modelo de caso de uso::Versatile Actors::Versatile Actors" xmi:id="_1J.i.rH5VQE.e.y.iA_4.aZ.bX.k5A"/><publish:diagram name="Use-Case Building Block Instructions" publish:icon="84216917_icon.png" publish:qualifiedname="Modelo de caso de uso::Use-Case Building Blocks::Use-Case Building Block Instructions" xmi:id="_1J.i.q15VQE.e.y.iA_4.aZ.bX.k5A"/><publish:diagram name="${use.case} Activity Diagram" publish:icon="1292176387_icon.png" publish:qualifiedname="Modelo de caso de uso::Use-Case Building Blocks::${use.case}::${use.case}::${use.case} Activity Diagram" xmi:id="_1J.i.rF.pVQE.e.y.iA_4.aZ.bX.k5A"/><publish:diagram name="Overviews" publish:icon="84216917_icon.png" publish:qualifiedname="Modelo de caso de uso::Overviews::Overviews" xmi:id="_1J.i.rK.pVQE.e.y.iA_4.aZ.bX.k5A"/><publish:diagram name="Actors Overview" publish:icon="-1476063307_icon.png" publish:qualifiedname="Modelo de caso de uso::Overviews::Actors Overview" xmi:id="_1J.i.rRZVQE.e.y.iA_4.aZ.bX.k5A"/><publish:diagram name="Context Diagram" publish:icon="-1476063307_icon.png" publish:qualifiedname="Modelo de caso de uso::Overviews::Context Diagram" xmi:id="_1J.i.rTJVQE.e.y.iA_4.aZ.bX.k5A"/><publish:diagram name="Autentifikazioa Use Cases" publish:icon="-1476063307_icon.png" publish:qualifiedname="Modelo de caso de uso::Autentifikazioa::Autentifikazioa Use Cases" xmi:id="_.i.x.zB0.pVRE.e.y.iA_4.aZ.bX.k5A"/><publish:diagram name="Register Activity Diagram" publish:icon="1292176387_icon.png" publish:qualifiedname="Modelo de caso de uso::Autentifikazioa::Register::Register::Register Activity Diagram" xmi:id="_.lMMA.o5VRE.e.y.iA_4.aZ.bX.k5A"/><publish:diagram name="Login Activity Diagram" publish:icon="1292176387_icon.png" publish:qualifiedname="Modelo de caso de uso::Autentifikazioa::Login::Login::Login Activity Diagram" xmi:id="_3URK45VSE.e.y.iA_4.aZ.bX.k5A"/></publish:diagrams>