<?xml version="1.0" encoding="UTF-8"?><packagedElement name="Autentifikazioa Analysis Elements" xmlns:publish="http://www.ibm.com/Rational/XTools/Publish" publish:diagramFormat="PNG" publish:icon="-1945825930_icon.png" publish:modelname="Modelo de análisis RUP" publish:qualifiedname="Modelo de análisis RUP::Autentifikazioa::Autentifikazioa Analysis Elements" publish:sortOrder="alphabetical" publish:toplevelguid="_.k.dC.r.cJ.vPE.e.y9.r6LNW.v7HAQ" xmlns:xmi="http://www.omg.org/XMI" xmi:id="_-6Z.pLZ.vRE.e.y9.r6LNW.v7HAQ" xmi:version="2.0" xmlns:com.ibm.xtools.notation="http:///com/ibm/xtools/notation.ecore" xmlns:uml="http://www.eclipse.org/uml2/1.0.0/UML" xmlns:xsi="http://www.w3.org/2001/XMLSchema-instance" xsi:type="uml:Package"><publish:properties><publish:property canonicalName="Alias" name="Alias" publish:category="UML"/><publish:property canonicalName="Stereotype" name="Estereotipo" publish:category="UML"/><publish:property canonicalName="name" name="Name" publish:category="UML" publish:value="Autentifikazioa Analysis Elements"/><publish:property canonicalName="nameExpression" name="Name Expression" publish:category="UML"/><publish:property canonicalName="namespace" name="Namespace" publish:category="UML" publish:ismodellink="false" publish:value="Autentifikazioa" xmi:id="_-6Z.pIJ.vRE.e.y9.r6LNW.v7HAQ"/><publish:property canonicalName="nestingPackage" name="Nesting Package" publish:category="UML" publish:ismodellink="false" publish:value="Autentifikazioa" xmi:id="_-6Z.pIJ.vRE.e.y9.r6LNW.v7HAQ"/><publish:property canonicalName="ownedTemplateSignature" name="Owned Template Signature" publish:category="UML"/><publish:property canonicalName="owner" name="Owner" publish:category="UML" publish:ismodellink="false" publish:value="Autentifikazioa" xmi:id="_-6Z.pIJ.vRE.e.y9.r6LNW.v7HAQ"/><publish:property canonicalName="owningTemplateParameter" name="Owning Template Parameter" publish:category="UML"/><publish:property canonicalName="Keywords" name="Palabras clave" publish:category="UML"/><publish:property canonicalName="qualifiedName" name="Qualified Name" publish:category="UML" publish:value="Modelo de análisis RUP::Autentifikazioa::Autentifikazioa Analysis Elements"/><publish:property canonicalName="templateParameter" name="Template Parameter" publish:category="UML"/><publish:property canonicalName="visibility" name="Visibility" publish:category="UML" publish:value="Public"/></publish:properties><contents Type="Class" isDefault="true" name="Autentifikazioa Analysis Classes" publish:icon="84216917_icon.png" publish:imageType="PNG" publish:qualifiedname="Modelo de análisis RUP::Autentifikazioa::Autentifikazioa Analysis Elements::Autentifikazioa Analysis Classes" xmi:id="_-6Z.pL5.vRE.e.y9.r6LNW.v7HAQ" xsi:type="notation:Diagram"><publish:properties><publish:property canonicalName="pageHeight" name="Altura de página" publish:category="Ver" publish:value="100"/><publish:property canonicalName="pageWidth" name="Anchura de página" publish:category="Ver" publish:value="100"/><publish:property canonicalName="description" name="Descripción" publish:category="Ver"/><publish:property canonicalName="linkLayout" name="Diseño de enlace" publish:category="Ver" publish:value="Ninguno"/><publish:property canonicalName="labelLayout" name="Diseño de etiqueta" publish:category="Ver" publish:value="Ninguno"/><publish:property canonicalName="graphLayout" name="Diseño de gráfico" publish:category="Ver" publish:value="VerticalOrtogonalJerárquico"/><publish:property canonicalName="styles" name="Estilos" publish:category="Ver"/><publish:property canonicalName="name" name="Nombre" publish:category="Ver" publish:value="Autentifikazioa Analysis Classes"/><publish:property canonicalName="pageX" name="Página X" publish:category="Ver" publish:value="0"/><publish:property canonicalName="pageY" name="Página Y" publish:category="Ver" publish:value="0"/><publish:property canonicalName="measurementUnit" name="Unidad de medida" publish:category="Ver" publish:value="Himetric"/><publish:property canonicalName="useAliasName" name="Utilizar nombre de alias" publish:category="Ver" publish:value="false"/></publish:properties><publish:partInfo anchor="#_IN-J.cJ.vWE.e.y9.r6LNW.v7HAQ" name="DatuakSartu" publish:ismodellink="false" publish:partLowerX="386" publish:partLowerY="382" publish:partUpperX="199" publish:partUpperY="366" shape="rect" xmi:id="_O.h2C.oZ.vTE.e.y9.r6LNW.v7HAQ"/><publish:partInfo name="AutentifikazioaInprimakia" publish:ismodellink="false" publish:partLowerX="395" publish:partLowerY="387" publish:partUpperX="192" publish:partUpperY="312" shape="rect" xmi:id="_O.h2C.oZ.vTE.e.y9.r6LNW.v7HAQ"/><publish:partInfo anchor="#_S8M.xQJ.vXE.e.y9.r6LNW.v7HAQ" name="Register" publish:ismodellink="false" publish:partLowerX="587" publish:partLowerY="493" publish:partUpperX="439" publish:partUpperY="477" shape="rect" xmi:id="_O.h2C.oJ.vTE.e.y9.r6LNW.v7HAQ"/><publish:partInfo anchor="#_.s.cSV.wJ.vWE.e.y9.r6LNW.v7HAQ" name="DatuakBalidatu" publish:ismodellink="false" publish:partLowerX="587" publish:partLowerY="476" publish:partUpperX="439" publish:partUpperY="460" shape="rect" xmi:id="_O.h2C.oJ.vTE.e.y9.r6LNW.v7HAQ"/><publish:partInfo anchor="#_.g.v.z.g.gJ.vWE.e.y9.r6LNW.v7HAQ" name="DatuakEgiaztatu" publish:ismodellink="false" publish:partLowerX="587" publish:partLowerY="459" publish:partUpperX="439" publish:partUpperY="443" shape="rect" xmi:id="_O.h2C.oJ.vTE.e.y9.r6LNW.v7HAQ"/><publish:partInfo anchor="#_R.zAKAJ.vWE.e.y9.r6LNW.v7HAQ" name="Login" publish:ismodellink="false" publish:partLowerX="587" publish:partLowerY="442" publish:partUpperX="439" publish:partUpperY="426" shape="rect" xmi:id="_O.h2C.oJ.vTE.e.y9.r6LNW.v7HAQ"/><publish:partInfo name="AutentifikazioaEgin" publish:ismodellink="false" publish:partLowerX="596" publish:partLowerY="498" publish:partUpperX="432" publish:partUpperY="372" shape="rect" xmi:id="_O.h2C.oJ.vTE.e.y9.r6LNW.v7HAQ"/><publish:partInfo anchor="#_.e.h.r.m.oJ.vXE.e.y9.r6LNW.v7HAQ" name="Register" publish:ismodellink="false" publish:partLowerX="878" publish:partLowerY="410" publish:partUpperX="709" publish:partUpperY="394" shape="rect" xmi:id="_O.h2C.o.p.vTE.e.y9.r6LNW.v7HAQ"/><publish:partInfo anchor="#_.a.mTWMJ.vXE.e.y9.r6LNW.v7HAQ" name="ErabiltzaileaBilatu" publish:ismodellink="false" publish:partLowerX="878" publish:partLowerY="393" publish:partUpperX="709" publish:partUpperY="377" shape="rect" xmi:id="_O.h2C.o.p.vTE.e.y9.r6LNW.v7HAQ"/><publish:partInfo anchor="#_.kFMH8J.vWE.e.y9.r6LNW.v7HAQ" name="Login" publish:ismodellink="false" publish:partLowerX="878" publish:partLowerY="376" publish:partUpperX="709" publish:partUpperY="360" shape="rect" xmi:id="_O.h2C.o.p.vTE.e.y9.r6LNW.v7HAQ"/><publish:partInfo name="AutentifikazioaBezeroa" publish:ismodellink="false" publish:partLowerX="887" publish:partLowerY="415" publish:partUpperX="702" publish:partUpperY="306" shape="rect" xmi:id="_O.h2C.o.p.vTE.e.y9.r6LNW.v7HAQ"/></contents></packagedElement>