<?xml version="1.0" encoding="UTF-8"?><packagedElement name="Analysis Building Blocks" xmlns:publish="http://www.ibm.com/Rational/XTools/Publish" publish:diagramFormat="PNG" publish:icon="-1945825930_icon.png" publish:modelname="Modelo de análisis RUP" publish:qualifiedname="Modelo de análisis RUP::Analysis Building Blocks" publish:sortOrder="alphabetical" publish:toplevelguid="_.k.dC.r.cJ.vPE.e.y9.r6LNW.v7HAQ" xmlns:xmi="http://www.omg.org/XMI" xmi:id="_.k.dC.r.tZ.vPE.e.y9.r6LNW.v7HAQ" xmi:version="2.0" xmlns:com.ibm.xtools.notation="http:///com/ibm/xtools/notation.ecore" xmlns:uml="http://www.eclipse.org/uml2/1.0.0/UML" xmlns:xsi="http://www.w3.org/2001/XMLSchema-instance" xsi:type="uml:Package"><publish:properties><publish:property canonicalName="Alias" name="Alias" publish:category="UML"/><publish:property canonicalName="Stereotype" name="Estereotipo" publish:category="UML" publish:value="modelLibrary"/><publish:property canonicalName="name" name="Name" publish:category="UML" publish:value="Analysis Building Blocks"/><publish:property canonicalName="nameExpression" name="Name Expression" publish:category="UML"/><publish:property canonicalName="namespace" name="Namespace" publish:category="UML" publish:ismodellink="true" publish:value="Modelo de análisis RUP" xmi:id="_.k.dC.r.cJ.vPE.e.y9.r6LNW.v7HAQ"/><publish:property canonicalName="nestingPackage" name="Nesting Package" publish:category="UML" publish:ismodellink="true" publish:value="Modelo de análisis RUP" xmi:id="_.k.dC.r.cJ.vPE.e.y9.r6LNW.v7HAQ"/><publish:property canonicalName="ownedTemplateSignature" name="Owned Template Signature" publish:category="UML"/><publish:property canonicalName="owner" name="Owner" publish:category="UML" publish:ismodellink="true" publish:value="Modelo de análisis RUP" xmi:id="_.k.dC.r.cJ.vPE.e.y9.r6LNW.v7HAQ"/><publish:property canonicalName="owningTemplateParameter" name="Owning Template Parameter" publish:category="UML"/><publish:property canonicalName="Keywords" name="Palabras clave" publish:category="UML"/><publish:property canonicalName="qualifiedName" name="Qualified Name" publish:category="UML" publish:value="Modelo de análisis RUP::Analysis Building Blocks"/><publish:property canonicalName="templateParameter" name="Template Parameter" publish:category="UML"/><publish:property canonicalName="visibility" name="Visibility" publish:category="UML" publish:value="Public"/></publish:properties><contents Type="Class" isDefault="true" name="Analysis Building Block Instructions" publish:icon="84216917_icon.png" publish:imageType="PNG" publish:qualifiedname="Modelo de análisis RUP::Analysis Building Blocks::Analysis Building Block Instructions" xmi:id="_.k.dC.r.t5.vPE.e.y9.r6LNW.v7HAQ" xsi:type="notation:Diagram"><publish:properties><publish:property canonicalName="pageHeight" name="Altura de página" publish:category="Ver" publish:value="100"/><publish:property canonicalName="pageWidth" name="Anchura de página" publish:category="Ver" publish:value="100"/><publish:property canonicalName="description" name="Descripción" publish:category="Ver"/><publish:property canonicalName="linkLayout" name="Diseño de enlace" publish:category="Ver" publish:value="Ninguno"/><publish:property canonicalName="labelLayout" name="Diseño de etiqueta" publish:category="Ver" publish:value="Ninguno"/><publish:property canonicalName="graphLayout" name="Diseño de gráfico" publish:category="Ver" publish:value="VerticalOrtogonalJerárquico"/><publish:property canonicalName="styles" name="Estilos" publish:category="Ver"/><publish:property canonicalName="name" name="Nombre" publish:category="Ver" publish:value="Analysis Building Block Instructions"/><publish:property canonicalName="pageX" name="Página X" publish:category="Ver" publish:value="0"/><publish:property canonicalName="pageY" name="Página Y" publish:category="Ver" publish:value="0"/><publish:property canonicalName="measurementUnit" name="Unidad de medida" publish:category="Ver" publish:value="Himetric"/><publish:property canonicalName="useAliasName" name="Utilizar nombre de alias" publish:category="Ver" publish:value="false"/></publish:properties><publish:partInfo name="${use.case}" publish:ismodellink="false" publish:partLowerX="202" publish:partLowerY="511" publish:partUpperX="70" publish:partUpperY="499" shape="rect" xmi:id="_.k.dC.sTJ.vPE.e.y9.r6LNW.v7HAQ"/><publish:partInfo name="${use.case}" publish:ismodellink="false" publish:partLowerX="192" publish:partLowerY="496" publish:partUpperX="80" publish:partUpperY="478" shape="rect" xmi:id="_.k.dC.sTJ.vPE.e.y9.r6LNW.v7HAQ"/><publish:partInfo name="${use.case}" publish:ismodellink="false" publish:partLowerX="0" publish:partLowerY="0" publish:partUpperX="0" publish:partUpperY="0" shape="rect" xmi:id="_.k.dC.sTJ.vPE.e.y9.r6LNW.v7HAQ"/><publish:partInfo name="${use.case}" publish:ismodellink="false" publish:partLowerX="0" publish:partLowerY="0" publish:partUpperX="0" publish:partUpperY="0" shape="rect" xmi:id="_.k.dC.sTJ.vPE.e.y9.r6LNW.v7HAQ"/><publish:partInfo name="${use.case}" publish:ismodellink="false" publish:partLowerX="206" publish:partLowerY="515" publish:partUpperX="69" publish:partUpperY="474" shape="rect" xmi:id="_.k.dC.sTJ.vPE.e.y9.r6LNW.v7HAQ"/><publish:partInfo name="${functional.area} Analysis Elements" publish:ismodellink="false" publish:partLowerX="310" publish:partLowerY="421" publish:partUpperX="67" publish:partUpperY="410" shape="rect" xmi:id="_.k.dC.sP5.vPE.e.y9.r6LNW.v7HAQ"/><publish:partInfo name="${functional.area} Analysis Elements" publish:ismodellink="false" publish:partLowerX="317" publish:partLowerY="429" publish:partUpperX="63" publish:partUpperY="371" shape="rect" xmi:id="_.k.dC.sP5.vPE.e.y9.r6LNW.v7HAQ"/><publish:partInfo name="${functional.area}" publish:ismodellink="false" publish:partLowerX="323" publish:partLowerY="434" publish:partUpperX="59" publish:partUpperY="365" shape="rect" xmi:id="_.k.dC.sM.p.vPE.e.y9.r6LNW.v7HAQ"/><publish:partInfo name="${functional.area}" publish:ismodellink="false" publish:partLowerX="323" publish:partLowerY="359" publish:partUpperX="59" publish:partUpperY="341" shape="rect" xmi:id="_.k.dC.sM.p.vPE.e.y9.r6LNW.v7HAQ"/><publish:partInfo name="${functional.area}" publish:ismodellink="false" publish:partLowerX="0" publish:partLowerY="0" publish:partUpperX="0" publish:partUpperY="0" shape="rect" xmi:id="_.k.dC.sM.p.vPE.e.y9.r6LNW.v7HAQ"/><publish:partInfo name="${functional.area}" publish:ismodellink="false" publish:partLowerX="0" publish:partLowerY="0" publish:partUpperX="0" publish:partUpperY="0" shape="rect" xmi:id="_.k.dC.sM.p.vPE.e.y9.r6LNW.v7HAQ"/><publish:partInfo name="${functional.area}" publish:ismodellink="false" publish:partLowerX="330" publish:partLowerY="442" publish:partUpperX="55" publish:partUpperY="325" shape="rect" xmi:id="_.k.dC.sM.p.vPE.e.y9.r6LNW.v7HAQ"/><publish:partInfo name="${control}" publish:ismodellink="false" publish:partLowerX="230" publish:partLowerY="752" publish:partUpperX="56" publish:partUpperY="740" shape="rect" xmi:id="_.k.dC.s.iZ.vPE.e.y9.r6LNW.v7HAQ"/><publish:partInfo name="${control}" publish:ismodellink="false" publish:partLowerX="230" publish:partLowerY="740" publish:partUpperX="56" publish:partUpperY="728" shape="rect" xmi:id="_.k.dC.s.iZ.vPE.e.y9.r6LNW.v7HAQ"/><publish:partInfo name="${control}" publish:ismodellink="false" publish:partLowerX="221" publish:partLowerY="726" publish:partUpperX="66" publish:partUpperY="708" shape="rect" xmi:id="_.k.dC.s.iZ.vPE.e.y9.r6LNW.v7HAQ"/><publish:partInfo name="${control}" publish:ismodellink="false" publish:partLowerX="221" publish:partLowerY="708" publish:partUpperX="66" publish:partUpperY="690" shape="rect" xmi:id="_.k.dC.s.iZ.vPE.e.y9.r6LNW.v7HAQ"/><publish:partInfo name="${control}" publish:ismodellink="false" publish:partLowerX="0" publish:partLowerY="0" publish:partUpperX="0" publish:partUpperY="0" shape="rect" xmi:id="_.k.dC.s.iZ.vPE.e.y9.r6LNW.v7HAQ"/><publish:partInfo name="${control}" publish:ismodellink="false" publish:partLowerX="234" publish:partLowerY="757" publish:partUpperX="55" publish:partUpperY="686" shape="rect" xmi:id="_.k.dC.s.iZ.vPE.e.y9.r6LNW.v7HAQ"/><publish:partInfo name="${entity}" publish:ismodellink="false" publish:partLowerX="230" publish:partLowerY="647" publish:partUpperX="56" publish:partUpperY="635" shape="rect" xmi:id="_.k.dC.s.iJ.vPE.e.y9.r6LNW.v7HAQ"/><publish:partInfo name="${entity}" publish:ismodellink="false" publish:partLowerX="230" publish:partLowerY="635" publish:partUpperX="56" publish:partUpperY="623" shape="rect" xmi:id="_.k.dC.s.iJ.vPE.e.y9.r6LNW.v7HAQ"/><publish:partInfo name="${entity}" publish:ismodellink="false" publish:partLowerX="221" publish:partLowerY="620" publish:partUpperX="66" publish:partUpperY="602" shape="rect" xmi:id="_.k.dC.s.iJ.vPE.e.y9.r6LNW.v7HAQ"/><publish:partInfo name="${entity}" publish:ismodellink="false" publish:partLowerX="221" publish:partLowerY="602" publish:partUpperX="66" publish:partUpperY="584" shape="rect" xmi:id="_.k.dC.s.iJ.vPE.e.y9.r6LNW.v7HAQ"/><publish:partInfo name="${entity}" publish:ismodellink="false" publish:partLowerX="0" publish:partLowerY="0" publish:partUpperX="0" publish:partUpperY="0" shape="rect" xmi:id="_.k.dC.s.iJ.vPE.e.y9.r6LNW.v7HAQ"/><publish:partInfo name="${entity}" publish:ismodellink="false" publish:partLowerX="234" publish:partLowerY="651" publish:partUpperX="55" publish:partUpperY="580" shape="rect" xmi:id="_.k.dC.s.iJ.vPE.e.y9.r6LNW.v7HAQ"/><publish:partInfo name="${boundary}" publish:ismodellink="false" publish:partLowerX="230" publish:partLowerY="861" publish:partUpperX="56" publish:partUpperY="849" shape="rect" xmi:id="_.k.dC.s.h5.vPE.e.y9.r6LNW.v7HAQ"/><publish:partInfo name="${boundary}" publish:ismodellink="false" publish:partLowerX="230" publish:partLowerY="849" publish:partUpperX="56" publish:partUpperY="837" shape="rect" xmi:id="_.k.dC.s.h5.vPE.e.y9.r6LNW.v7HAQ"/><publish:partInfo name="${boundary}" publish:ismodellink="false" publish:partLowerX="221" publish:partLowerY="834" publish:partUpperX="66" publish:partUpperY="816" shape="rect" xmi:id="_.k.dC.s.h5.vPE.e.y9.r6LNW.v7HAQ"/><publish:partInfo name="${boundary}" publish:ismodellink="false" publish:partLowerX="221" publish:partLowerY="816" publish:partUpperX="66" publish:partUpperY="798" shape="rect" xmi:id="_.k.dC.s.h5.vPE.e.y9.r6LNW.v7HAQ"/><publish:partInfo name="${boundary}" publish:ismodellink="false" publish:partLowerX="0" publish:partLowerY="0" publish:partUpperX="0" publish:partUpperY="0" shape="rect" xmi:id="_.k.dC.s.h5.vPE.e.y9.r6LNW.v7HAQ"/><publish:partInfo name="${boundary}" publish:ismodellink="false" publish:partLowerX="234" publish:partLowerY="865" publish:partUpperX="55" publish:partUpperY="794" shape="rect" xmi:id="_.k.dC.s.h5.vPE.e.y9.r6LNW.v7HAQ"/></contents><packagedElement name="${use.case}" publish:icon="1325729587_icon.png" publish:qualifiedname="Modelo de análisis RUP::Analysis Building Blocks::${use.case}" xmi:id="_.k.dC.sTJ.vPE.e.y9.r6LNW.v7HAQ" xsi:type="uml:Collaboration"><publish:properties><publish:property canonicalName="Alias" name="Alias" publish:category="UML"/><publish:property canonicalName="classifierBehavior" name="Classifier Behavior" publish:category="UML"/><publish:property canonicalName="Stereotype" name="Estereotipo" publish:category="UML"/><publish:property canonicalName="isAbstract" name="Is Abstract" publish:category="UML" publish:value="false"/><publish:property canonicalName="isLeaf" name="Is Leaf" publish:category="UML" publish:value="false"/><publish:property canonicalName="name" name="Name" publish:category="UML" publish:value="${use.case}"/><publish:property canonicalName="nameExpression" name="Name Expression" publish:category="UML"/><publish:property canonicalName="namespace" name="Namespace" publish:category="UML" publish:ismodellink="false" publish:value="«modelLibrary» Analysis Building Blocks" xmi:id="_.k.dC.r.tZ.vPE.e.y9.r6LNW.v7HAQ"/><publish:property canonicalName="ownedTemplateSignature" name="Owned Template Signature" publish:category="UML"/><publish:property canonicalName="owner" name="Owner" publish:category="UML" publish:ismodellink="false" publish:value="«modelLibrary» Analysis Building Blocks" xmi:id="_.k.dC.r.tZ.vPE.e.y9.r6LNW.v7HAQ"/><publish:property canonicalName="owningTemplateParameter" name="Owning Template Parameter" publish:category="UML"/><publish:property canonicalName="package" name="Package" publish:category="UML" publish:ismodellink="false" publish:value="«modelLibrary» Analysis Building Blocks" xmi:id="_.k.dC.r.tZ.vPE.e.y9.r6LNW.v7HAQ"/><publish:property canonicalName="Keywords" name="Palabras clave" publish:category="UML"/><publish:property canonicalName="qualifiedName" name="Qualified Name" publish:category="UML" publish:value="Modelo de análisis RUP::Analysis Building Blocks::${use.case}"/><publish:property canonicalName="representation" name="Representation" publish:category="UML"/><publish:property canonicalName="templateParameter" name="Template Parameter" publish:category="UML"/><publish:property canonicalName="visibility" name="Visibility" publish:category="UML" publish:value="Public"/></publish:properties><contents Type="Class" isDefault="true" name="${use.case} Realization Overview" publish:icon="84216917_icon.png" publish:imageType="PNG" publish:qualifiedname="Modelo de análisis RUP::Analysis Building Blocks::${use.case}::${use.case} Realization Overview" xmi:id="_.k.dC.sT5.vPE.e.y9.r6LNW.v7HAQ" xsi:type="notation:Diagram"><publish:properties><publish:property canonicalName="pageHeight" name="Altura de página" publish:category="Ver" publish:value="100"/><publish:property canonicalName="pageWidth" name="Anchura de página" publish:category="Ver" publish:value="100"/><publish:property canonicalName="description" name="Descripción" publish:category="Ver"/><publish:property canonicalName="linkLayout" name="Diseño de enlace" publish:category="Ver" publish:value="Ninguno"/><publish:property canonicalName="labelLayout" name="Diseño de etiqueta" publish:category="Ver" publish:value="Ninguno"/><publish:property canonicalName="graphLayout" name="Diseño de gráfico" publish:category="Ver" publish:value="VerticalOrtogonalJerárquico"/><publish:property canonicalName="styles" name="Estilos" publish:category="Ver"/><publish:property canonicalName="name" name="Nombre" publish:category="Ver" publish:value="${use.case} Realization Overview"/><publish:property canonicalName="pageX" name="Página X" publish:category="Ver" publish:value="0"/><publish:property canonicalName="pageY" name="Página Y" publish:category="Ver" publish:value="0"/><publish:property canonicalName="measurementUnit" name="Unidad de medida" publish:category="Ver" publish:value="Himetric"/><publish:property canonicalName="useAliasName" name="Utilizar nombre de alias" publish:category="Ver" publish:value="false"/></publish:properties><publish:partInfo name="${use.case} - Alternative Flow n" publish:ismodellink="false" publish:partLowerX="0" publish:partLowerY="0" publish:partUpperX="0" publish:partUpperY="0" shape="rect" xmi:id="_.k.dC.s.gZ.vPE.e.y9.r6LNW.v7HAQ"/><publish:partInfo name="${use.case} - Alternative Flow n" publish:ismodellink="false" publish:partLowerX="322" publish:partLowerY="250" publish:partUpperX="94" publish:partUpperY="232" shape="rect" xmi:id="_.k.dC.s.gZ.vPE.e.y9.r6LNW.v7HAQ"/><publish:partInfo name="${use.case} - Alternative Flow n" publish:ismodellink="false" publish:partLowerX="328" publish:partLowerY="260" publish:partUpperX="88" publish:partUpperY="226" shape="rect" xmi:id="_.k.dC.s.gZ.vPE.e.y9.r6LNW.v7HAQ"/><publish:partInfo name="${use.case} - Basic Flow" publish:ismodellink="false" publish:partLowerX="0" publish:partLowerY="0" publish:partUpperX="0" publish:partUpperY="0" shape="rect" xmi:id="_.k.dC.s.eZ.vPE.e.y9.r6LNW.v7HAQ"/><publish:partInfo name="${use.case} - Basic Flow" publish:ismodellink="false" publish:partLowerX="275" publish:partLowerY="184" publish:partUpperX="94" publish:partUpperY="166" shape="rect" xmi:id="_.k.dC.s.eZ.vPE.e.y9.r6LNW.v7HAQ"/><publish:partInfo name="${use.case} - Basic Flow" publish:ismodellink="false" publish:partLowerX="281" publish:partLowerY="194" publish:partUpperX="88" publish:partUpperY="160" shape="rect" xmi:id="_.k.dC.s.eZ.vPE.e.y9.r6LNW.v7HAQ"/><publish:partInfo name="${use.case} Participants" publish:ismodellink="false" publish:partLowerX="0" publish:partLowerY="0" publish:partUpperX="0" publish:partUpperY="0" shape="rect" xmi:id="_.k.dC.s.bJ.vPE.e.y9.r6LNW.v7HAQ"/><publish:partInfo name="${use.case} Participants" publish:ismodellink="false" publish:partLowerX="270" publish:partLowerY="115" publish:partUpperX="94" publish:partUpperY="97" shape="rect" xmi:id="_.k.dC.s.bJ.vPE.e.y9.r6LNW.v7HAQ"/><publish:partInfo name="${use.case} Participants" publish:ismodellink="false" publish:partLowerX="276" publish:partLowerY="125" publish:partUpperX="88" publish:partUpperY="91" shape="rect" xmi:id="_.k.dC.s.bJ.vPE.e.y9.r6LNW.v7HAQ"/></contents><contents Type="Class" isDefault="false" name="${use.case} Participants" publish:icon="84216917_icon.png" publish:imageType="PNG" publish:qualifiedname="Modelo de análisis RUP::Analysis Building Blocks::${use.case}::${use.case} Participants" xmi:id="_.k.dC.s.bJ.vPE.e.y9.r6LNW.v7HAQ" xsi:type="notation:Diagram"><publish:properties><publish:property canonicalName="pageHeight" name="Altura de página" publish:category="Ver" publish:value="100"/><publish:property canonicalName="pageWidth" name="Anchura de página" publish:category="Ver" publish:value="100"/><publish:property canonicalName="description" name="Descripción" publish:category="Ver"/><publish:property canonicalName="linkLayout" name="Diseño de enlace" publish:category="Ver" publish:value="Ninguno"/><publish:property canonicalName="labelLayout" name="Diseño de etiqueta" publish:category="Ver" publish:value="Ninguno"/><publish:property canonicalName="graphLayout" name="Diseño de gráfico" publish:category="Ver" publish:value="VerticalOrtogonalJerárquico"/><publish:property canonicalName="styles" name="Estilos" publish:category="Ver"/><publish:property canonicalName="name" name="Nombre" publish:category="Ver" publish:value="${use.case} Participants"/><publish:property canonicalName="pageX" name="Página X" publish:category="Ver" publish:value="0"/><publish:property canonicalName="pageY" name="Página Y" publish:category="Ver" publish:value="0"/><publish:property canonicalName="measurementUnit" name="Unidad de medida" publish:category="Ver" publish:value="Himetric"/><publish:property canonicalName="useAliasName" name="Utilizar nombre de alias" publish:category="Ver" publish:value="false"/></publish:properties></contents><ownedBehavior name="${use.case} - Basic Flow" publish:icon="-1929047649_icon.png" publish:qualifiedname="Modelo de análisis RUP::Analysis Building Blocks::${use.case}::${use.case} - Basic Flow" xmi:id="_.k.dC.s.d5.vPE.e.y9.r6LNW.v7HAQ" xsi:type="uml:Interaction"><publish:properties><publish:property canonicalName="Alias" name="Alias" publish:category="UML"/><publish:property canonicalName="classifierBehavior" name="Classifier Behavior" publish:category="UML"/><publish:property canonicalName="context" name="Context" publish:category="UML" publish:ismodellink="false" publish:value="${use.case}" xmi:id="_.k.dC.sTJ.vPE.e.y9.r6LNW.v7HAQ"/><publish:property canonicalName="enclosingInteraction" name="Enclosing Interaction" publish:category="UML"/><publish:property canonicalName="enclosingOperand" name="Enclosing Operand" publish:category="UML"/><publish:property canonicalName="Stereotype" name="Estereotipo" publish:category="UML"/><publish:property canonicalName="isAbstract" name="Is Abstract" publish:category="UML" publish:value="false"/><publish:property canonicalName="isActive" name="Is Active" publish:category="UML" publish:value="false"/><publish:property canonicalName="isLeaf" name="Is Leaf" publish:category="UML" publish:value="false"/><publish:property canonicalName="isReentrant" name="Is Reentrant" publish:category="UML" publish:value="false"/><publish:property canonicalName="name" name="Name" publish:category="UML" publish:value="${use.case} - Basic Flow"/><publish:property canonicalName="nameExpression" name="Name Expression" publish:category="UML"/><publish:property canonicalName="namespace" name="Namespace" publish:category="UML" publish:ismodellink="false" publish:value="${use.case}" xmi:id="_.k.dC.sTJ.vPE.e.y9.r6LNW.v7HAQ"/><publish:property canonicalName="ownedTemplateSignature" name="Owned Template Signature" publish:category="UML"/><publish:property canonicalName="owner" name="Owner" publish:category="UML" publish:ismodellink="false" publish:value="${use.case}" xmi:id="_.k.dC.sTJ.vPE.e.y9.r6LNW.v7HAQ"/><publish:property canonicalName="owningTemplateParameter" name="Owning Template Parameter" publish:category="UML"/><publish:property canonicalName="package" name="Package" publish:category="UML"/><publish:property canonicalName="Keywords" name="Palabras clave" publish:category="UML"/><publish:property canonicalName="qualifiedName" name="Qualified Name" publish:category="UML" publish:value="Modelo de análisis RUP::Analysis Building Blocks::${use.case}::${use.case} - Basic Flow"/><publish:property canonicalName="representation" name="Representation" publish:category="UML"/><publish:property canonicalName="specification" name="Specification" publish:category="UML"/><publish:property canonicalName="templateParameter" name="Template Parameter" publish:category="UML"/><publish:property canonicalName="visibility" name="Visibility" publish:category="UML" publish:value="Public"/></publish:properties><contents Type="Sequence" isDefault="true" name="${use.case} - Basic Flow" publish:icon="-1073409618_icon.png" publish:imageType="PNG" publish:qualifiedname="Modelo de análisis RUP::Analysis Building Blocks::${use.case}::${use.case} - Basic Flow::${use.case} - Basic Flow" xmi:id="_.k.dC.s.eZ.vPE.e.y9.r6LNW.v7HAQ" xsi:type="notation:Diagram"><publish:properties><publish:property canonicalName="pageHeight" name="Altura de página" publish:category="Ver" publish:value="100"/><publish:property canonicalName="pageWidth" name="Anchura de página" publish:category="Ver" publish:value="100"/><publish:property canonicalName="description" name="Descripción" publish:category="Ver"/><publish:property canonicalName="linkLayout" name="Diseño de enlace" publish:category="Ver" publish:value="Ninguno"/><publish:property canonicalName="labelLayout" name="Diseño de etiqueta" publish:category="Ver" publish:value="Ninguno"/><publish:property canonicalName="graphLayout" name="Diseño de gráfico" publish:category="Ver" publish:value="VerticalOrtogonalJerárquico"/><publish:property canonicalName="styles" name="Estilos" publish:category="Ver"/><publish:property canonicalName="name" name="Nombre" publish:category="Ver" publish:value="${use.case} - Basic Flow"/><publish:property canonicalName="pageX" name="Página X" publish:category="Ver" publish:value="0"/><publish:property canonicalName="pageY" name="Página Y" publish:category="Ver" publish:value="0"/><publish:property canonicalName="measurementUnit" name="Unidad de medida" publish:category="Ver" publish:value="Himetric"/><publish:property canonicalName="useAliasName" name="Utilizar nombre de alias" publish:category="Ver" publish:value="false"/></publish:properties><publish:partInfo name="${use.case} - Basic Flow" publish:ismodellink="false" publish:partLowerX="221" publish:partLowerY="33" publish:partUpperX="15" publish:partUpperY="15" shape="rect" xmi:id="_.k.dC.s.d5.vPE.e.y9.r6LNW.v7HAQ"/><publish:partInfo name="${use.case} - Basic Flow" publish:ismodellink="false" publish:partLowerX="326" publish:partLowerY="151" publish:partUpperX="10" publish:partUpperY="38" shape="rect" xmi:id="_.k.dC.s.d5.vPE.e.y9.r6LNW.v7HAQ"/><publish:partInfo name="${use.case} - Basic Flow" publish:ismodellink="false" publish:partLowerX="327" publish:partLowerY="152" publish:partUpperX="9" publish:partUpperY="9" shape="rect" xmi:id="_.k.dC.s.d5.vPE.e.y9.r6LNW.v7HAQ"/></contents></ownedBehavior><ownedBehavior name="${use.case} - Alternative Flow n" publish:icon="-1929047649_icon.png" publish:qualifiedname="Modelo de análisis RUP::Analysis Building Blocks::${use.case}::${use.case} - Alternative Flow n" xmi:id="_.k.dC.s.f5.vPE.e.y9.r6LNW.v7HAQ" xsi:type="uml:Interaction"><publish:properties><publish:property canonicalName="Alias" name="Alias" publish:category="UML"/><publish:property canonicalName="classifierBehavior" name="Classifier Behavior" publish:category="UML"/><publish:property canonicalName="context" name="Context" publish:category="UML" publish:ismodellink="false" publish:value="${use.case}" xmi:id="_.k.dC.sTJ.vPE.e.y9.r6LNW.v7HAQ"/><publish:property canonicalName="enclosingInteraction" name="Enclosing Interaction" publish:category="UML"/><publish:property canonicalName="enclosingOperand" name="Enclosing Operand" publish:category="UML"/><publish:property canonicalName="Stereotype" name="Estereotipo" publish:category="UML"/><publish:property canonicalName="isAbstract" name="Is Abstract" publish:category="UML" publish:value="false"/><publish:property canonicalName="isActive" name="Is Active" publish:category="UML" publish:value="false"/><publish:property canonicalName="isLeaf" name="Is Leaf" publish:category="UML" publish:value="false"/><publish:property canonicalName="isReentrant" name="Is Reentrant" publish:category="UML" publish:value="false"/><publish:property canonicalName="name" name="Name" publish:category="UML" publish:value="${use.case} - Alternative Flow n"/><publish:property canonicalName="nameExpression" name="Name Expression" publish:category="UML"/><publish:property canonicalName="namespace" name="Namespace" publish:category="UML" publish:ismodellink="false" publish:value="${use.case}" xmi:id="_.k.dC.sTJ.vPE.e.y9.r6LNW.v7HAQ"/><publish:property canonicalName="ownedTemplateSignature" name="Owned Template Signature" publish:category="UML"/><publish:property canonicalName="owner" name="Owner" publish:category="UML" publish:ismodellink="false" publish:value="${use.case}" xmi:id="_.k.dC.sTJ.vPE.e.y9.r6LNW.v7HAQ"/><publish:property canonicalName="owningTemplateParameter" name="Owning Template Parameter" publish:category="UML"/><publish:property canonicalName="package" name="Package" publish:category="UML"/><publish:property canonicalName="Keywords" name="Palabras clave" publish:category="UML"/><publish:property canonicalName="qualifiedName" name="Qualified Name" publish:category="UML" publish:value="Modelo de análisis RUP::Analysis Building Blocks::${use.case}::${use.case} - Alternative Flow n"/><publish:property canonicalName="representation" name="Representation" publish:category="UML"/><publish:property canonicalName="specification" name="Specification" publish:category="UML"/><publish:property canonicalName="templateParameter" name="Template Parameter" publish:category="UML"/><publish:property canonicalName="visibility" name="Visibility" publish:category="UML" publish:value="Public"/></publish:properties><contents Type="Sequence" isDefault="true" name="${use.case} - Alternative Flow n" publish:icon="-1073409618_icon.png" publish:imageType="PNG" publish:qualifiedname="Modelo de análisis RUP::Analysis Building Blocks::${use.case}::${use.case} - Alternative Flow n::${use.case} - Alternative Flow n" xmi:id="_.k.dC.s.gZ.vPE.e.y9.r6LNW.v7HAQ" xsi:type="notation:Diagram"><publish:properties><publish:property canonicalName="pageHeight" name="Altura de página" publish:category="Ver" publish:value="100"/><publish:property canonicalName="pageWidth" name="Anchura de página" publish:category="Ver" publish:value="100"/><publish:property canonicalName="description" name="Descripción" publish:category="Ver"/><publish:property canonicalName="linkLayout" name="Diseño de enlace" publish:category="Ver" publish:value="Ninguno"/><publish:property canonicalName="labelLayout" name="Diseño de etiqueta" publish:category="Ver" publish:value="Ninguno"/><publish:property canonicalName="graphLayout" name="Diseño de gráfico" publish:category="Ver" publish:value="VerticalOrtogonalJerárquico"/><publish:property canonicalName="styles" name="Estilos" publish:category="Ver"/><publish:property canonicalName="name" name="Nombre" publish:category="Ver" publish:value="${use.case} - Alternative Flow n"/><publish:property canonicalName="pageX" name="Página X" publish:category="Ver" publish:value="0"/><publish:property canonicalName="pageY" name="Página Y" publish:category="Ver" publish:value="0"/><publish:property canonicalName="measurementUnit" name="Unidad de medida" publish:category="Ver" publish:value="Himetric"/><publish:property canonicalName="useAliasName" name="Utilizar nombre de alias" publish:category="Ver" publish:value="false"/></publish:properties><publish:partInfo name="${use.case} - Alternative Flow n" publish:ismodellink="false" publish:partLowerX="278" publish:partLowerY="33" publish:partUpperX="15" publish:partUpperY="15" shape="rect" xmi:id="_.k.dC.s.f5.vPE.e.y9.r6LNW.v7HAQ"/><publish:partInfo name="${use.case} - Alternative Flow n" publish:ismodellink="false" publish:partLowerX="383" publish:partLowerY="151" publish:partUpperX="10" publish:partUpperY="38" shape="rect" xmi:id="_.k.dC.s.f5.vPE.e.y9.r6LNW.v7HAQ"/><publish:partInfo name="${use.case} - Alternative Flow n" publish:ismodellink="false" publish:partLowerX="384" publish:partLowerY="152" publish:partUpperX="9" publish:partUpperY="9" shape="rect" xmi:id="_.k.dC.s.f5.vPE.e.y9.r6LNW.v7HAQ"/></contents></ownedBehavior></packagedElement><packagedElement name="${boundary}" publish:icon="1543835458_icon.png" publish:qualifiedname="Modelo de análisis RUP::Analysis Building Blocks::${boundary}" xmi:id="_.k.dC.s.h5.vPE.e.y9.r6LNW.v7HAQ" xsi:type="uml:Class"><publish:properties><publish:property canonicalName="Alias" name="Alias" publish:category="UML"/><publish:property canonicalName="classifierBehavior" name="Classifier Behavior" publish:category="UML"/><publish:property canonicalName="Stereotype" name="Estereotipo" publish:category="UML" publish:value="Límite"/><publish:property canonicalName="isAbstract" name="Is Abstract" publish:category="UML" publish:value="false"/><publish:property canonicalName="isActive" name="Is Active" publish:category="UML" publish:value="false"/><publish:property canonicalName="isLeaf" name="Is Leaf" publish:category="UML" publish:value="false"/><publish:property canonicalName="name" name="Name" publish:category="UML" publish:value="${boundary}"/><publish:property canonicalName="nameExpression" name="Name Expression" publish:category="UML"/><publish:property canonicalName="namespace" name="Namespace" publish:category="UML" publish:ismodellink="false" publish:value="«modelLibrary» Analysis Building Blocks" xmi:id="_.k.dC.r.tZ.vPE.e.y9.r6LNW.v7HAQ"/><publish:property canonicalName="ownedTemplateSignature" name="Owned Template Signature" publish:category="UML"/><publish:property canonicalName="owner" name="Owner" publish:category="UML" publish:ismodellink="false" publish:value="«modelLibrary» Analysis Building Blocks" xmi:id="_.k.dC.r.tZ.vPE.e.y9.r6LNW.v7HAQ"/><publish:property canonicalName="owningTemplateParameter" name="Owning Template Parameter" publish:category="UML"/><publish:property canonicalName="package" name="Package" publish:category="UML" publish:ismodellink="false" publish:value="«modelLibrary» Analysis Building Blocks" xmi:id="_.k.dC.r.tZ.vPE.e.y9.r6LNW.v7HAQ"/><publish:property canonicalName="Keywords" name="Palabras clave" publish:category="UML"/><publish:property canonicalName="qualifiedName" name="Qualified Name" publish:category="UML" publish:value="Modelo de análisis RUP::Analysis Building Blocks::${boundary}"/><publish:property canonicalName="representation" name="Representation" publish:category="UML"/><publish:property canonicalName="templateParameter" name="Template Parameter" publish:category="UML"/><publish:property canonicalName="visibility" name="Visibility" publish:category="UML" publish:value="Public"/></publish:properties></packagedElement><packagedElement name="${entity}" publish:icon="67440327_icon.png" publish:qualifiedname="Modelo de análisis RUP::Analysis Building Blocks::${entity}" xmi:id="_.k.dC.s.iJ.vPE.e.y9.r6LNW.v7HAQ" xsi:type="uml:Class"><publish:properties><publish:property canonicalName="Alias" name="Alias" publish:category="UML"/><publish:property canonicalName="classifierBehavior" name="Classifier Behavior" publish:category="UML"/><publish:property canonicalName="Stereotype" name="Estereotipo" publish:category="UML" publish:value="Entidad"/><publish:property canonicalName="isAbstract" name="Is Abstract" publish:category="UML" publish:value="false"/><publish:property canonicalName="isActive" name="Is Active" publish:category="UML" publish:value="false"/><publish:property canonicalName="isLeaf" name="Is Leaf" publish:category="UML" publish:value="false"/><publish:property canonicalName="name" name="Name" publish:category="UML" publish:value="${entity}"/><publish:property canonicalName="nameExpression" name="Name Expression" publish:category="UML"/><publish:property canonicalName="namespace" name="Namespace" publish:category="UML" publish:ismodellink="false" publish:value="«modelLibrary» Analysis Building Blocks" xmi:id="_.k.dC.r.tZ.vPE.e.y9.r6LNW.v7HAQ"/><publish:property canonicalName="ownedTemplateSignature" name="Owned Template Signature" publish:category="UML"/><publish:property canonicalName="owner" name="Owner" publish:category="UML" publish:ismodellink="false" publish:value="«modelLibrary» Analysis Building Blocks" xmi:id="_.k.dC.r.tZ.vPE.e.y9.r6LNW.v7HAQ"/><publish:property canonicalName="owningTemplateParameter" name="Owning Template Parameter" publish:category="UML"/><publish:property canonicalName="package" name="Package" publish:category="UML" publish:ismodellink="false" publish:value="«modelLibrary» Analysis Building Blocks" xmi:id="_.k.dC.r.tZ.vPE.e.y9.r6LNW.v7HAQ"/><publish:property canonicalName="Keywords" name="Palabras clave" publish:category="UML"/><publish:property canonicalName="qualifiedName" name="Qualified Name" publish:category="UML" publish:value="Modelo de análisis RUP::Analysis Building Blocks::${entity}"/><publish:property canonicalName="representation" name="Representation" publish:category="UML"/><publish:property canonicalName="templateParameter" name="Template Parameter" publish:category="UML"/><publish:property canonicalName="visibility" name="Visibility" publish:category="UML" publish:value="Public"/></publish:properties></packagedElement><packagedElement name="${control}" publish:icon="-1090188280_icon.png" publish:qualifiedname="Modelo de análisis RUP::Analysis Building Blocks::${control}" xmi:id="_.k.dC.s.iZ.vPE.e.y9.r6LNW.v7HAQ" xsi:type="uml:Class"><publish:properties><publish:property canonicalName="Alias" name="Alias" publish:category="UML"/><publish:property canonicalName="classifierBehavior" name="Classifier Behavior" publish:category="UML"/><publish:property canonicalName="Stereotype" name="Estereotipo" publish:category="UML" publish:value="Control"/><publish:property canonicalName="isAbstract" name="Is Abstract" publish:category="UML" publish:value="false"/><publish:property canonicalName="isActive" name="Is Active" publish:category="UML" publish:value="false"/><publish:property canonicalName="isLeaf" name="Is Leaf" publish:category="UML" publish:value="false"/><publish:property canonicalName="name" name="Name" publish:category="UML" publish:value="${control}"/><publish:property canonicalName="nameExpression" name="Name Expression" publish:category="UML"/><publish:property canonicalName="namespace" name="Namespace" publish:category="UML" publish:ismodellink="false" publish:value="«modelLibrary» Analysis Building Blocks" xmi:id="_.k.dC.r.tZ.vPE.e.y9.r6LNW.v7HAQ"/><publish:property canonicalName="ownedTemplateSignature" name="Owned Template Signature" publish:category="UML"/><publish:property canonicalName="owner" name="Owner" publish:category="UML" publish:ismodellink="false" publish:value="«modelLibrary» Analysis Building Blocks" xmi:id="_.k.dC.r.tZ.vPE.e.y9.r6LNW.v7HAQ"/><publish:property canonicalName="owningTemplateParameter" name="Owning Template Parameter" publish:category="UML"/><publish:property canonicalName="package" name="Package" publish:category="UML" publish:ismodellink="false" publish:value="«modelLibrary» Analysis Building Blocks" xmi:id="_.k.dC.r.tZ.vPE.e.y9.r6LNW.v7HAQ"/><publish:property canonicalName="Keywords" name="Palabras clave" publish:category="UML"/><publish:property canonicalName="qualifiedName" name="Qualified Name" publish:category="UML" publish:value="Modelo de análisis RUP::Analysis Building Blocks::${control}"/><publish:property canonicalName="representation" name="Representation" publish:category="UML"/><publish:property canonicalName="templateParameter" name="Template Parameter" publish:category="UML"/><publish:property canonicalName="visibility" name="Visibility" publish:category="UML" publish:value="Public"/></publish:properties></packagedElement></packagedElement>