<?xml version="1.0" encoding="UTF-8"?><publish:diagrams xmlns:publish="http://www.ibm.com/Rational/XTools/Publish" xmlns:xmi="http://www.omg.org/XMI"><publish:diagram name="${functional.area} Analysis-Level Use Case Realizations" publish:icon="84216917_icon.png" publish:qualifiedname="Modelo de análisis RUP::Analysis Building Blocks::${functional.area}::${functional.area} Analysis-Level Use Case Realizations" xmi:id="_.k.dC.sNJ.vPE.e.y9.r6LNW.v7HAQ"/><publish:diagram name="Autentifikazioa Analysis-Level Use Case Realizations" publish:icon="84216917_icon.png" publish:qualifiedname="Modelo de análisis RUP::Autentifikazioa::Autentifikazioa Analysis-Level Use Case Realizations" xmi:id="_-6Z.pI.p.vRE.e.y9.r6LNW.v7HAQ"/><publish:diagram name="Register Realization Overview" publish:icon="84216917_icon.png" publish:qualifiedname="Modelo de análisis RUP::Autentifikazioa::Register::Register Realization Overview" xmi:id="_ODR.s.w5.vSE.e.y9.r6LNW.v7HAQ"/><publish:diagram name="Register Participants" publish:icon="84216917_icon.png" publish:qualifiedname="Modelo de análisis RUP::Autentifikazioa::Register::Register Participants" xmi:id="_OD.a2.x5.vSE.e.y9.r6LNW.v7HAQ"/><publish:diagram name="Register - Basic Flow" publish:icon="-1073409618_icon.png" publish:qualifiedname="Modelo de análisis RUP::Autentifikazioa::Register::Register - Basic Flow::Register - Basic Flow" xmi:id="_OD.a21J.vSE.e.y9.r6LNW.v7HAQ"/><publish:diagram name="Register - Alternative Flow n" publish:icon="-1073409618_icon.png" publish:qualifiedname="Modelo de análisis RUP::Autentifikazioa::Register::Register - Alternative Flow n::Register - Alternative Flow n" xmi:id="_OD.a23J.vSE.e.y9.r6LNW.v7HAQ"/><publish:diagram name="Login Realization Overview" publish:icon="84216917_icon.png" publish:qualifiedname="Modelo de análisis RUP::Autentifikazioa::Login::Login Realization Overview" xmi:id="_.nQ9A.s5.vTE.e.y9.r6LNW.v7HAQ"/><publish:diagram name="Login Participants" publish:icon="84216917_icon.png" publish:qualifiedname="Modelo de análisis RUP::Autentifikazioa::Login::Login Participants" xmi:id="_.nQ9A0J.vTE.e.y9.r6LNW.v7HAQ"/><publish:diagram name="Login - Basic Flow" publish:icon="-1073409618_icon.png" publish:qualifiedname="Modelo de análisis RUP::Autentifikazioa::Login::Login - Basic Flow::Login - Basic Flow" xmi:id="_.nQ9A3Z.vTE.e.y9.r6LNW.v7HAQ"/><publish:diagram name="Login - Alternative Flow n" publish:icon="-1073409618_icon.png" publish:qualifiedname="Modelo de análisis RUP::Autentifikazioa::Login::Login - Alternative Flow n::Login - Alternative Flow n" xmi:id="_.nQ9A5Z.vTE.e.y9.r6LNW.v7HAQ"/><publish:diagram name="${functional.area} Analysis Classes" publish:icon="84216917_icon.png" publish:qualifiedname="Modelo de análisis RUP::Analysis Building Blocks::${functional.area}::${functional.area} Analysis Elements::${functional.area} Analysis Classes" xmi:id="_.k.dC.sQZ.vPE.e.y9.r6LNW.v7HAQ"/><publish:diagram name="${project} Analysis Views" publish:icon="84216917_icon.png" publish:qualifiedname="Modelo de análisis RUP::Overviews::${project} Analysis Views" xmi:id="_.k.dC.s.jJ.vPE.e.y9.r6LNW.v7HAQ"/><publish:diagram name="${project} Domain Model" publish:icon="84216917_icon.png" publish:qualifiedname="Modelo de análisis RUP::Overviews::${project} Domain Model" xmi:id="_.k.dC.s.rZ.vPE.e.y9.r6LNW.v7HAQ"/><publish:diagram name="${project} Key Abstractions" publish:icon="84216917_icon.png" publish:qualifiedname="Modelo de análisis RUP::Overviews::${project} Key Abstractions" xmi:id="_.k.dC.s.t.p.vPE.e.y9.r6LNW.v7HAQ"/><publish:diagram name="${project}Key Controllers" publish:icon="84216917_icon.png" publish:qualifiedname="Modelo de análisis RUP::Overviews::${project}Key Controllers" xmi:id="_.k.dC.s.v5.vPE.e.y9.r6LNW.v7HAQ"/><publish:diagram name="${project} UI" publish:icon="84216917_icon.png" publish:qualifiedname="Modelo de análisis RUP::Overviews::${project} UI" xmi:id="_.k.dC.s.yJ.vPE.e.y9.r6LNW.v7HAQ"/><publish:diagram name="${project} Analysis Overview" publish:icon="84216917_icon.png" publish:qualifiedname="Modelo de análisis RUP::${project} Analysis Overview" xmi:id="_.k.dC.r.c.p.vPE.e.y9.r6LNW.v7HAQ"/><publish:diagram name="Instructions" publish:icon="84216917_icon.png" publish:qualifiedname="Modelo de análisis RUP::Instructions" xmi:id="_.k.dC.r.fZ.vPE.e.y9.r6LNW.v7HAQ"/><publish:diagram name="Autentifikazioa Analysis Classes" publish:icon="84216917_icon.png" publish:qualifiedname="Modelo de análisis RUP::Autentifikazioa::Autentifikazioa Analysis Elements::Autentifikazioa Analysis Classes" xmi:id="_-6Z.pL5.vRE.e.y9.r6LNW.v7HAQ"/><publish:diagram name="Analysis Building Block Instructions" publish:icon="84216917_icon.png" publish:qualifiedname="Modelo de análisis RUP::Analysis Building Blocks::Analysis Building Block Instructions" xmi:id="_.k.dC.r.t5.vPE.e.y9.r6LNW.v7HAQ"/><publish:diagram name="${use.case} Realization Overview" publish:icon="84216917_icon.png" publish:qualifiedname="Modelo de análisis RUP::Analysis Building Blocks::${use.case}::${use.case} Realization Overview" xmi:id="_.k.dC.sT5.vPE.e.y9.r6LNW.v7HAQ"/><publish:diagram name="${use.case} Participants" publish:icon="84216917_icon.png" publish:qualifiedname="Modelo de análisis RUP::Analysis Building Blocks::${use.case}::${use.case} Participants" xmi:id="_.k.dC.s.bJ.vPE.e.y9.r6LNW.v7HAQ"/><publish:diagram name="${use.case} - Basic Flow" publish:icon="-1073409618_icon.png" publish:qualifiedname="Modelo de análisis RUP::Analysis Building Blocks::${use.case}::${use.case} - Basic Flow::${use.case} - Basic Flow" xmi:id="_.k.dC.s.eZ.vPE.e.y9.r6LNW.v7HAQ"/><publish:diagram name="${use.case} - Alternative Flow n" publish:icon="-1073409618_icon.png" publish:qualifiedname="Modelo de análisis RUP::Analysis Building Blocks::${use.case}::${use.case} - Alternative Flow n::${use.case} - Alternative Flow n" xmi:id="_.k.dC.s.gZ.vPE.e.y9.r6LNW.v7HAQ"/></publish:diagrams>