<?xml version="1.0" encoding="UTF-8"?><packagedElement name="Overviews" xmlns:publish="http://www.ibm.com/Rational/XTools/Publish" publish:diagramFormat="PNG" publish:icon="-1945825930_icon.png" publish:modelname="Modelo de análisis RUP" publish:qualifiedname="Modelo de análisis RUP::Overviews" publish:sortOrder="alphabetical" publish:toplevelguid="_.k.dC.r.cJ.vPE.e.y9.r6LNW.v7HAQ" xmlns:xmi="http://www.omg.org/XMI" xmi:id="_.k.dC.s.i.p.vPE.e.y9.r6LNW.v7HAQ" xmi:version="2.0" xmlns:com.ibm.xtools.notation="http:///com/ibm/xtools/notation.ecore" xmlns:uml="http://www.eclipse.org/uml2/1.0.0/UML" xmlns:xsi="http://www.w3.org/2001/XMLSchema-instance" xsi:type="uml:Package"><publish:properties><publish:property canonicalName="Alias" name="Alias" publish:category="UML"/><publish:property canonicalName="Stereotype" name="Estereotipo" publish:category="UML" publish:value="perspectiva"/><publish:property canonicalName="name" name="Name" publish:category="UML" publish:value="Overviews"/><publish:property canonicalName="nameExpression" name="Name Expression" publish:category="UML"/><publish:property canonicalName="namespace" name="Namespace" publish:category="UML" publish:ismodellink="true" publish:value="Modelo de análisis RUP" xmi:id="_.k.dC.r.cJ.vPE.e.y9.r6LNW.v7HAQ"/><publish:property canonicalName="nestingPackage" name="Nesting Package" publish:category="UML" publish:ismodellink="true" publish:value="Modelo de análisis RUP" xmi:id="_.k.dC.r.cJ.vPE.e.y9.r6LNW.v7HAQ"/><publish:property canonicalName="ownedTemplateSignature" name="Owned Template Signature" publish:category="UML"/><publish:property canonicalName="owner" name="Owner" publish:category="UML" publish:ismodellink="true" publish:value="Modelo de análisis RUP" xmi:id="_.k.dC.r.cJ.vPE.e.y9.r6LNW.v7HAQ"/><publish:property canonicalName="owningTemplateParameter" name="Owning Template Parameter" publish:category="UML"/><publish:property canonicalName="Keywords" name="Palabras clave" publish:category="UML"/><publish:property canonicalName="qualifiedName" name="Qualified Name" publish:category="UML" publish:value="Modelo de análisis RUP::Overviews"/><publish:property canonicalName="templateParameter" name="Template Parameter" publish:category="UML"/><publish:property canonicalName="visibility" name="Visibility" publish:category="UML" publish:value="Public"/></publish:properties><contents Type="Class" isDefault="true" name="${project} Analysis Views" publish:icon="84216917_icon.png" publish:imageType="PNG" publish:qualifiedname="Modelo de análisis RUP::Overviews::${project} Analysis Views" xmi:id="_.k.dC.s.jJ.vPE.e.y9.r6LNW.v7HAQ" xsi:type="notation:Diagram"><publish:properties><publish:property canonicalName="pageHeight" name="Altura de página" publish:category="Ver" publish:value="100"/><publish:property canonicalName="pageWidth" name="Anchura de página" publish:category="Ver" publish:value="100"/><publish:property canonicalName="description" name="Descripción" publish:category="Ver"/><publish:property canonicalName="linkLayout" name="Diseño de enlace" publish:category="Ver" publish:value="Ninguno"/><publish:property canonicalName="labelLayout" name="Diseño de etiqueta" publish:category="Ver" publish:value="Ninguno"/><publish:property canonicalName="graphLayout" name="Diseño de gráfico" publish:category="Ver" publish:value="VerticalOrtogonalJerárquico"/><publish:property canonicalName="styles" name="Estilos" publish:category="Ver"/><publish:property canonicalName="name" name="Nombre" publish:category="Ver" publish:value="${project} Analysis Views"/><publish:property canonicalName="pageX" name="Página X" publish:category="Ver" publish:value="0"/><publish:property canonicalName="pageY" name="Página Y" publish:category="Ver" publish:value="0"/><publish:property canonicalName="measurementUnit" name="Unidad de medida" publish:category="Ver" publish:value="Himetric"/><publish:property canonicalName="useAliasName" name="Utilizar nombre de alias" publish:category="Ver" publish:value="false"/></publish:properties><publish:partInfo name="${project} UI" publish:ismodellink="false" publish:partLowerX="595" publish:partLowerY="461" publish:partUpperX="84" publish:partUpperY="417" shape="rect" xmi:id="_.k.dC.s.yJ.vPE.e.y9.r6LNW.v7HAQ"/><publish:partInfo name="${project} UI" publish:ismodellink="false" publish:partLowerX="595" publish:partLowerY="412" publish:partUpperX="84" publish:partUpperY="385" shape="rect" xmi:id="_.k.dC.s.yJ.vPE.e.y9.r6LNW.v7HAQ"/><publish:partInfo name="${project} UI" publish:ismodellink="false" publish:partLowerX="601" publish:partLowerY="467" publish:partUpperX="78" publish:partUpperY="379" shape="rect" xmi:id="_.k.dC.s.yJ.vPE.e.y9.r6LNW.v7HAQ"/><publish:partInfo name="${project}Key Controllers" publish:ismodellink="false" publish:partLowerX="606" publish:partLowerY="333" publish:partUpperX="84" publish:partUpperY="317" shape="rect" xmi:id="_.k.dC.s.v5.vPE.e.y9.r6LNW.v7HAQ"/><publish:partInfo name="${project}Key Controllers" publish:ismodellink="false" publish:partLowerX="606" publish:partLowerY="311" publish:partUpperX="84" publish:partUpperY="295" shape="rect" xmi:id="_.k.dC.s.v5.vPE.e.y9.r6LNW.v7HAQ"/><publish:partInfo name="${project}Key Controllers" publish:ismodellink="false" publish:partLowerX="612" publish:partLowerY="339" publish:partUpperX="78" publish:partUpperY="289" shape="rect" xmi:id="_.k.dC.s.v5.vPE.e.y9.r6LNW.v7HAQ"/><publish:partInfo name="${project} Key Abstractions" publish:ismodellink="false" publish:partLowerX="459" publish:partLowerY="167" publish:partUpperX="197" publish:partUpperY="151" shape="rect" xmi:id="_.k.dC.s.t.p.vPE.e.y9.r6LNW.v7HAQ"/><publish:partInfo name="${project} Key Abstractions" publish:ismodellink="false" publish:partLowerX="459" publish:partLowerY="145" publish:partUpperX="197" publish:partUpperY="129" shape="rect" xmi:id="_.k.dC.s.t.p.vPE.e.y9.r6LNW.v7HAQ"/><publish:partInfo name="${project} Key Abstractions" publish:ismodellink="false" publish:partLowerX="465" publish:partLowerY="173" publish:partUpperX="191" publish:partUpperY="123" shape="rect" xmi:id="_.k.dC.s.t.p.vPE.e.y9.r6LNW.v7HAQ"/><publish:partInfo name="${project} Domain Model" publish:ismodellink="false" publish:partLowerX="555" publish:partLowerY="242" publish:partUpperX="114" publish:partUpperY="226" shape="rect" xmi:id="_.k.dC.s.rZ.vPE.e.y9.r6LNW.v7HAQ"/><publish:partInfo name="${project} Domain Model" publish:ismodellink="false" publish:partLowerX="555" publish:partLowerY="221" publish:partUpperX="114" publish:partUpperY="205" shape="rect" xmi:id="_.k.dC.s.rZ.vPE.e.y9.r6LNW.v7HAQ"/><publish:partInfo name="${project} Domain Model" publish:ismodellink="false" publish:partLowerX="561" publish:partLowerY="249" publish:partUpperX="108" publish:partUpperY="199" shape="rect" xmi:id="_.k.dC.s.rZ.vPE.e.y9.r6LNW.v7HAQ"/></contents><contents Type="Class" isDefault="false" name="${project} Domain Model" publish:icon="84216917_icon.png" publish:imageType="PNG" publish:qualifiedname="Modelo de análisis RUP::Overviews::${project} Domain Model" xmi:id="_.k.dC.s.rZ.vPE.e.y9.r6LNW.v7HAQ" xsi:type="notation:Diagram"><publish:properties><publish:property canonicalName="pageHeight" name="Altura de página" publish:category="Ver" publish:value="100"/><publish:property canonicalName="pageWidth" name="Anchura de página" publish:category="Ver" publish:value="100"/><publish:property canonicalName="description" name="Descripción" publish:category="Ver"/><publish:property canonicalName="linkLayout" name="Diseño de enlace" publish:category="Ver" publish:value="Ninguno"/><publish:property canonicalName="labelLayout" name="Diseño de etiqueta" publish:category="Ver" publish:value="Ninguno"/><publish:property canonicalName="graphLayout" name="Diseño de gráfico" publish:category="Ver" publish:value="VerticalOrtogonalJerárquico"/><publish:property canonicalName="styles" name="Estilos" publish:category="Ver"/><publish:property canonicalName="name" name="Nombre" publish:category="Ver" publish:value="${project} Domain Model"/><publish:property canonicalName="pageX" name="Página X" publish:category="Ver" publish:value="0"/><publish:property canonicalName="pageY" name="Página Y" publish:category="Ver" publish:value="0"/><publish:property canonicalName="measurementUnit" name="Unidad de medida" publish:category="Ver" publish:value="Himetric"/><publish:property canonicalName="useAliasName" name="Utilizar nombre de alias" publish:category="Ver" publish:value="false"/></publish:properties></contents><contents Type="Class" isDefault="false" name="${project} Key Abstractions" publish:icon="84216917_icon.png" publish:imageType="PNG" publish:qualifiedname="Modelo de análisis RUP::Overviews::${project} Key Abstractions" xmi:id="_.k.dC.s.t.p.vPE.e.y9.r6LNW.v7HAQ" xsi:type="notation:Diagram"><publish:properties><publish:property canonicalName="pageHeight" name="Altura de página" publish:category="Ver" publish:value="100"/><publish:property canonicalName="pageWidth" name="Anchura de página" publish:category="Ver" publish:value="100"/><publish:property canonicalName="description" name="Descripción" publish:category="Ver"/><publish:property canonicalName="linkLayout" name="Diseño de enlace" publish:category="Ver" publish:value="Ninguno"/><publish:property canonicalName="labelLayout" name="Diseño de etiqueta" publish:category="Ver" publish:value="Ninguno"/><publish:property canonicalName="graphLayout" name="Diseño de gráfico" publish:category="Ver" publish:value="VerticalOrtogonalJerárquico"/><publish:property canonicalName="styles" name="Estilos" publish:category="Ver"/><publish:property canonicalName="name" name="Nombre" publish:category="Ver" publish:value="${project} Key Abstractions"/><publish:property canonicalName="pageX" name="Página X" publish:category="Ver" publish:value="0"/><publish:property canonicalName="pageY" name="Página Y" publish:category="Ver" publish:value="0"/><publish:property canonicalName="measurementUnit" name="Unidad de medida" publish:category="Ver" publish:value="Himetric"/><publish:property canonicalName="useAliasName" name="Utilizar nombre de alias" publish:category="Ver" publish:value="false"/></publish:properties></contents><contents Type="Class" isDefault="false" name="${project}Key Controllers" publish:icon="84216917_icon.png" publish:imageType="PNG" publish:qualifiedname="Modelo de análisis RUP::Overviews::${project}Key Controllers" xmi:id="_.k.dC.s.v5.vPE.e.y9.r6LNW.v7HAQ" xsi:type="notation:Diagram"><publish:properties><publish:property canonicalName="pageHeight" name="Altura de página" publish:category="Ver" publish:value="100"/><publish:property canonicalName="pageWidth" name="Anchura de página" publish:category="Ver" publish:value="100"/><publish:property canonicalName="description" name="Descripción" publish:category="Ver"/><publish:property canonicalName="linkLayout" name="Diseño de enlace" publish:category="Ver" publish:value="Ninguno"/><publish:property canonicalName="labelLayout" name="Diseño de etiqueta" publish:category="Ver" publish:value="Ninguno"/><publish:property canonicalName="graphLayout" name="Diseño de gráfico" publish:category="Ver" publish:value="VerticalOrtogonalJerárquico"/><publish:property canonicalName="styles" name="Estilos" publish:category="Ver"/><publish:property canonicalName="name" name="Nombre" publish:category="Ver" publish:value="${project}Key Controllers"/><publish:property canonicalName="pageX" name="Página X" publish:category="Ver" publish:value="0"/><publish:property canonicalName="pageY" name="Página Y" publish:category="Ver" publish:value="0"/><publish:property canonicalName="measurementUnit" name="Unidad de medida" publish:category="Ver" publish:value="Himetric"/><publish:property canonicalName="useAliasName" name="Utilizar nombre de alias" publish:category="Ver" publish:value="false"/></publish:properties></contents><contents Type="Class" isDefault="false" name="${project} UI" publish:icon="84216917_icon.png" publish:imageType="PNG" publish:qualifiedname="Modelo de análisis RUP::Overviews::${project} UI" xmi:id="_.k.dC.s.yJ.vPE.e.y9.r6LNW.v7HAQ" xsi:type="notation:Diagram"><publish:properties><publish:property canonicalName="pageHeight" name="Altura de página" publish:category="Ver" publish:value="100"/><publish:property canonicalName="pageWidth" name="Anchura de página" publish:category="Ver" publish:value="100"/><publish:property canonicalName="description" name="Descripción" publish:category="Ver"/><publish:property canonicalName="linkLayout" name="Diseño de enlace" publish:category="Ver" publish:value="Ninguno"/><publish:property canonicalName="labelLayout" name="Diseño de etiqueta" publish:category="Ver" publish:value="Ninguno"/><publish:property canonicalName="graphLayout" name="Diseño de gráfico" publish:category="Ver" publish:value="VerticalOrtogonalJerárquico"/><publish:property canonicalName="styles" name="Estilos" publish:category="Ver"/><publish:property canonicalName="name" name="Nombre" publish:category="Ver" publish:value="${project} UI"/><publish:property canonicalName="pageX" name="Página X" publish:category="Ver" publish:value="0"/><publish:property canonicalName="pageY" name="Página Y" publish:category="Ver" publish:value="0"/><publish:property canonicalName="measurementUnit" name="Unidad de medida" publish:category="Ver" publish:value="Himetric"/><publish:property canonicalName="useAliasName" name="Utilizar nombre de alias" publish:category="Ver" publish:value="false"/></publish:properties></contents></packagedElement>