<?xml version="1.0" encoding="UTF-8"?><uml:Model xmlns:uml="http://www.eclipse.org/uml2/1.0.0/UML" name="Modelo de análisis RUP" xmlns:publish="http://www.ibm.com/Rational/XTools/Publish" publish:diagramFormat="PNG" publish:icon="2131038179_icon.png" publish:modelname="Modelo de análisis RUP" publish:profiles="Standard, Default, Deployment, RUPAnalysis" publish:qualifiedname="Modelo de análisis RUP" publish:sortOrder="alphabetical" publish:toplevelguid="_.k.dC.r.cJ.vPE.e.y9.r6LNW.v7HAQ" xmlns:xmi="http://www.omg.org/XMI" xmi:id="_.k.dC.r.cJ.vPE.e.y9.r6LNW.v7HAQ" xmi:version="2.0" xmlns:com.ibm.xtools.notation="http:///com/ibm/xtools/notation.ecore" xmlns:xsi="http://www.w3.org/2001/XMLSchema-instance" xsi:type="uml:Model"><publish:properties><publish:property canonicalName="Alias" name="Alias" publish:category="UML"/><publish:property canonicalName="Stereotype" name="Estereotipo" publish:category="UML"/><publish:property canonicalName="name" name="Name" publish:category="UML" publish:value="Modelo de análisis RUP"/><publish:property canonicalName="nameExpression" name="Name Expression" publish:category="UML"/><publish:property canonicalName="namespace" name="Namespace" publish:category="UML"/><publish:property canonicalName="nestingPackage" name="Nesting Package" publish:category="UML"/><publish:property canonicalName="ownedTemplateSignature" name="Owned Template Signature" publish:category="UML"/><publish:property canonicalName="owner" name="Owner" publish:category="UML"/><publish:property canonicalName="owningTemplateParameter" name="Owning Template Parameter" publish:category="UML"/><publish:property canonicalName="Keywords" name="Palabras clave" publish:category="UML"/><publish:property canonicalName="qualifiedName" name="Qualified Name" publish:category="UML" publish:value="Modelo de análisis RUP"/><publish:property canonicalName="templateParameter" name="Template Parameter" publish:category="UML"/><publish:property canonicalName="viewpoint" name="Viewpoint" publish:category="UML"/><publish:property canonicalName="visibility" name="Visibility" publish:category="UML" publish:value="Public"/></publish:properties><appliedProfiles><profile name="Standard" visibility="public"/><profile name="Default" visibility="public"/><profile name="Deployment" visibility="public"/><profile name="RUPAnalysis" visibility="public"/></appliedProfiles><contents Type="Class" isDefault="false" name="${project} Analysis Overview" publish:icon="84216917_icon.png" publish:imageType="PNG" publish:qualifiedname="Modelo de análisis RUP::${project} Analysis Overview" xmi:id="_.k.dC.r.c.p.vPE.e.y9.r6LNW.v7HAQ" xsi:type="notation:Diagram"><publish:properties><publish:property canonicalName="pageHeight" name="Altura de página" publish:category="Ver" publish:value="100"/><publish:property canonicalName="pageWidth" name="Anchura de página" publish:category="Ver" publish:value="100"/><publish:property canonicalName="description" name="Descripción" publish:category="Ver"/><publish:property canonicalName="linkLayout" name="Diseño de enlace" publish:category="Ver" publish:value="Ninguno"/><publish:property canonicalName="labelLayout" name="Diseño de etiqueta" publish:category="Ver" publish:value="Ninguno"/><publish:property canonicalName="graphLayout" name="Diseño de gráfico" publish:category="Ver" publish:value="VerticalOrtogonalJerárquico"/><publish:property canonicalName="styles" name="Estilos" publish:category="Ver"/><publish:property canonicalName="name" name="Nombre" publish:category="Ver" publish:value="${project} Analysis Overview"/><publish:property canonicalName="pageX" name="Página X" publish:category="Ver" publish:value="0"/><publish:property canonicalName="pageY" name="Página Y" publish:category="Ver" publish:value="0"/><publish:property canonicalName="measurementUnit" name="Unidad de medida" publish:category="Ver" publish:value="Himetric"/><publish:property canonicalName="useAliasName" name="Utilizar nombre de alias" publish:category="Ver" publish:value="false"/></publish:properties></contents><contents Type="Class" isDefault="true" name="Instructions" publish:icon="84216917_icon.png" publish:imageType="PNG" publish:qualifiedname="Modelo de análisis RUP::Instructions" xmi:id="_.k.dC.r.fZ.vPE.e.y9.r6LNW.v7HAQ" xsi:type="notation:Diagram"><publish:properties><publish:property canonicalName="pageHeight" name="Altura de página" publish:category="Ver" publish:value="100"/><publish:property canonicalName="pageWidth" name="Anchura de página" publish:category="Ver" publish:value="100"/><publish:property canonicalName="description" name="Descripción" publish:category="Ver"/><publish:property canonicalName="linkLayout" name="Diseño de enlace" publish:category="Ver" publish:value="Ninguno"/><publish:property canonicalName="labelLayout" name="Diseño de etiqueta" publish:category="Ver" publish:value="Ninguno"/><publish:property canonicalName="graphLayout" name="Diseño de gráfico" publish:category="Ver" publish:value="VerticalOrtogonalJerárquico"/><publish:property canonicalName="styles" name="Estilos" publish:category="Ver"/><publish:property canonicalName="name" name="Nombre" publish:category="Ver" publish:value="Instructions"/><publish:property canonicalName="pageX" name="Página X" publish:category="Ver" publish:value="0"/><publish:property canonicalName="pageY" name="Página Y" publish:category="Ver" publish:value="0"/><publish:property canonicalName="measurementUnit" name="Unidad de medida" publish:category="Ver" publish:value="Himetric"/><publish:property canonicalName="useAliasName" name="Utilizar nombre de alias" publish:category="Ver" publish:value="false"/></publish:properties><publish:partInfo name="Analysis Building Block Instructions" publish:ismodellink="false" publish:partLowerX="0" publish:partLowerY="0" publish:partUpperX="0" publish:partUpperY="0" shape="rect" xmi:id="_.k.dC.r.t5.vPE.e.y9.r6LNW.v7HAQ"/><publish:partInfo name="Analysis Building Block Instructions" publish:ismodellink="false" publish:partLowerX="255" publish:partLowerY="935" publish:partUpperX="15" publish:partUpperY="917" shape="rect" xmi:id="_.k.dC.r.t5.vPE.e.y9.r6LNW.v7HAQ"/><publish:partInfo name="Analysis Building Block Instructions" publish:ismodellink="false" publish:partLowerX="261" publish:partLowerY="945" publish:partUpperX="9" publish:partUpperY="911" shape="rect" xmi:id="_.k.dC.r.t5.vPE.e.y9.r6LNW.v7HAQ"/></contents><packageImport name="&lt;PackageImport sin nombre&gt;" publish:icon="1795492544_icon.png" publish:qualifiedname="Modelo de análisis RUP::&lt;PackageImport&gt;" xmi:id="_.k.dC.r.tJ.vPE.e.y9.r6LNW.v7HAQ" xsi:type="uml:PackageImport"><publish:properties><publish:property canonicalName="Stereotype" name="Estereotipo" publish:category="UML"/><publish:property canonicalName="importedPackage" name="Imported Package" publish:category="UML" publish:value="«modelLibrary» UMLPrimitiveTypes"/><publish:property canonicalName="importingNamespace" name="Importing Namespace" publish:category="UML" publish:ismodellink="true" publish:value="Modelo de análisis RUP" xmi:id="_.k.dC.r.cJ.vPE.e.y9.r6LNW.v7HAQ"/><publish:property canonicalName="owner" name="Owner" publish:category="UML" publish:ismodellink="true" publish:value="Modelo de análisis RUP" xmi:id="_.k.dC.r.cJ.vPE.e.y9.r6LNW.v7HAQ"/><publish:property canonicalName="Keywords" name="Palabras clave" publish:category="UML"/><publish:property canonicalName="visibility" name="Visibility" publish:category="UML" publish:value="Public"/></publish:properties></packageImport></uml:Model>