<?xml version="1.0" encoding="UTF-8"?><packagedElement name="${functional.area}" xmlns:publish="http://www.ibm.com/Rational/XTools/Publish" publish:diagramFormat="PNG" publish:icon="-1945825930_icon.png" publish:modelname="Modelo de análisis RUP" publish:qualifiedname="Modelo de análisis RUP::Analysis Building Blocks::${functional.area}" publish:sortOrder="alphabetical" publish:toplevelguid="_.k.dC.r.cJ.vPE.e.y9.r6LNW.v7HAQ" xmlns:xmi="http://www.omg.org/XMI" xmi:id="_.k.dC.sM.p.vPE.e.y9.r6LNW.v7HAQ" xmi:version="2.0" xmlns:com.ibm.xtools.notation="http:///com/ibm/xtools/notation.ecore" xmlns:uml="http://www.eclipse.org/uml2/1.0.0/UML" xmlns:xsi="http://www.w3.org/2001/XMLSchema-instance" xsi:type="uml:Package"><publish:properties><publish:property canonicalName="Alias" name="Alias" publish:category="UML"/><publish:property canonicalName="Stereotype" name="Estereotipo" publish:category="UML"/><publish:property canonicalName="name" name="Name" publish:category="UML" publish:value="${functional.area}"/><publish:property canonicalName="nameExpression" name="Name Expression" publish:category="UML"/><publish:property canonicalName="namespace" name="Namespace" publish:category="UML" publish:ismodellink="false" publish:value="«modelLibrary» Analysis Building Blocks" xmi:id="_.k.dC.r.tZ.vPE.e.y9.r6LNW.v7HAQ"/><publish:property canonicalName="nestingPackage" name="Nesting Package" publish:category="UML" publish:ismodellink="false" publish:value="«modelLibrary» Analysis Building Blocks" xmi:id="_.k.dC.r.tZ.vPE.e.y9.r6LNW.v7HAQ"/><publish:property canonicalName="ownedTemplateSignature" name="Owned Template Signature" publish:category="UML"/><publish:property canonicalName="owner" name="Owner" publish:category="UML" publish:ismodellink="false" publish:value="«modelLibrary» Analysis Building Blocks" xmi:id="_.k.dC.r.tZ.vPE.e.y9.r6LNW.v7HAQ"/><publish:property canonicalName="owningTemplateParameter" name="Owning Template Parameter" publish:category="UML"/><publish:property canonicalName="Keywords" name="Palabras clave" publish:category="UML"/><publish:property canonicalName="qualifiedName" name="Qualified Name" publish:category="UML" publish:value="Modelo de análisis RUP::Analysis Building Blocks::${functional.area}"/><publish:property canonicalName="templateParameter" name="Template Parameter" publish:category="UML"/><publish:property canonicalName="visibility" name="Visibility" publish:category="UML" publish:value="Public"/></publish:properties><contents Type="Class" isDefault="true" name="${functional.area} Analysis-Level Use Case Realizations" publish:icon="84216917_icon.png" publish:imageType="PNG" publish:qualifiedname="Modelo de análisis RUP::Analysis Building Blocks::${functional.area}::${functional.area} Analysis-Level Use Case Realizations" xmi:id="_.k.dC.sNJ.vPE.e.y9.r6LNW.v7HAQ" xsi:type="notation:Diagram"><publish:properties><publish:property canonicalName="pageHeight" name="Altura de página" publish:category="Ver" publish:value="100"/><publish:property canonicalName="pageWidth" name="Anchura de página" publish:category="Ver" publish:value="100"/><publish:property canonicalName="description" name="Descripción" publish:category="Ver"/><publish:property canonicalName="linkLayout" name="Diseño de enlace" publish:category="Ver" publish:value="Ninguno"/><publish:property canonicalName="labelLayout" name="Diseño de etiqueta" publish:category="Ver" publish:value="Ninguno"/><publish:property canonicalName="graphLayout" name="Diseño de gráfico" publish:category="Ver" publish:value="VerticalOrtogonalJerárquico"/><publish:property canonicalName="styles" name="Estilos" publish:category="Ver"/><publish:property canonicalName="name" name="Nombre" publish:category="Ver" publish:value="${functional.area} Analysis-Level Use Case Realizations"/><publish:property canonicalName="pageX" name="Página X" publish:category="Ver" publish:value="0"/><publish:property canonicalName="pageY" name="Página Y" publish:category="Ver" publish:value="0"/><publish:property canonicalName="measurementUnit" name="Unidad de medida" publish:category="Ver" publish:value="Himetric"/><publish:property canonicalName="useAliasName" name="Utilizar nombre de alias" publish:category="Ver" publish:value="false"/></publish:properties></contents></packagedElement>