<?xml version="1.0" encoding="UTF-8"?><publish:elements xmlns:publish="http://www.ibm.com/Rational/XTools/Publish" xmlns:xmi="http://www.omg.org/XMI" xmlns:xsi="http://www.w3.org/2001/XMLSchema-instance"><publish:element name="Register" publish:icon="1325729587_icon.png" publish:qualifiedname="Modelo de análisis RUP::Autentifikazioa::Register" xmi:id="_ODR.s.wJ.vSE.e.y9.r6LNW.v7HAQ" xsi:type="uml:Collaboration"/><publish:element publish:icon="906303130_icon.png" publish:qualifiedname="Modelo de análisis RUP::Autentifikazioa::Register::Register - Basic Flow::&lt;Connector&gt;" xmi:id="_M21V.h5.vXE.e.y9.r6LNW.v7HAQ" xsi:type="uml:Connector"/><publish:element publish:icon="906303130_icon.png" publish:qualifiedname="Modelo de análisis RUP::Autentifikazioa::Register::Register - Basic Flow::&lt;Connector&gt;" xmi:id="_O21.eZ5.vXE.e.y9.r6LNW.v7HAQ" xsi:type="uml:Connector"/><publish:element publish:icon="906303130_icon.png" publish:qualifiedname="Modelo de análisis RUP::Autentifikazioa::Register::Register - Basic Flow::&lt;Connector&gt;" xmi:id="_T.n29Z5.vXE.e.y9.r6LNW.v7HAQ" xsi:type="uml:Connector"/><publish:element publish:icon="906303130_icon.png" publish:qualifiedname="Modelo de análisis RUP::Autentifikazioa::Register::Register - Basic Flow::&lt;Connector&gt;" xmi:id="_U.r.p8.tJ.vXE.e.y9.r6LNW.v7HAQ" xsi:type="uml:Connector"/><publish:element name="xActor" publish:icon="-33224215_icon.png" publish:qualifiedname="Modelo de análisis RUP::Autentifikazioa::Register::Register - Basic Flow::xActor" xmi:id="_H4.sA.gJ.vXE.e.y9.r6LNW.v7HAQ" xsi:type="uml:Lifeline"/><publish:element name="autentifikazioaInprimakia" publish:icon="-33224215_icon.png" publish:qualifiedname="Modelo de análisis RUP::Autentifikazioa::Register::Register - Basic Flow::autentifikazioaInprimakia" xmi:id="_K.n.fJEJ.vXE.e.y9.r6LNW.v7HAQ" xsi:type="uml:Lifeline"/><publish:element name="autentifikazioaEgin" publish:icon="-33224215_icon.png" publish:qualifiedname="Modelo de análisis RUP::Autentifikazioa::Register::Register - Basic Flow::autentifikazioaEgin" xmi:id="_LC6.g0J.vXE.e.y9.r6LNW.v7HAQ" xsi:type="uml:Lifeline"/><publish:element name="autentifikazioaBezeroa" publish:icon="-33224215_icon.png" publish:qualifiedname="Modelo de análisis RUP::Autentifikazioa::Register::Register - Basic Flow::autentifikazioaBezeroa" xmi:id="_L.r.b5YJ.vXE.e.y9.r6LNW.v7HAQ" xsi:type="uml:Lifeline"/><publish:element name="DatuakSartu" publish:icon="-2012934060_icon.png" publish:qualifiedname="Modelo de análisis RUP::Autentifikazioa::Register::Register - Basic Flow::DatuakSartu" xmi:id="_M21V.gJ.vXE.e.y9.r6LNW.v7HAQ" xsi:type="uml:Message"/><publish:element name="DatuakSartu" publish:icon="1761940952_icon.png" publish:qualifiedname="Modelo de análisis RUP::Autentifikazioa::Register::Register - Basic Flow::DatuakSartu" xmi:id="_M21V.hZ.vXE.e.y9.r6LNW.v7HAQ" xsi:type="uml:Message"/><publish:element name="Register" publish:icon="-2012934060_icon.png" publish:qualifiedname="Modelo de análisis RUP::Autentifikazioa::Register::Register - Basic Flow::Register" xmi:id="_O21.eYJ.vXE.e.y9.r6LNW.v7HAQ" xsi:type="uml:Message"/><publish:element name="Register" publish:icon="1761940952_icon.png" publish:qualifiedname="Modelo de análisis RUP::Autentifikazioa::Register::Register - Basic Flow::Register" xmi:id="_O21.eZZ.vXE.e.y9.r6LNW.v7HAQ" xsi:type="uml:Message"/><publish:element name="DatuakBalidatu" publish:icon="-2012934060_icon.png" publish:qualifiedname="Modelo de análisis RUP::Autentifikazioa::Register::Register - Basic Flow::DatuakBalidatu" xmi:id="_T.n29YJ.vXE.e.y9.r6LNW.v7HAQ" xsi:type="uml:Message"/><publish:element name="DatuakBalidatu" publish:icon="1761940952_icon.png" publish:qualifiedname="Modelo de análisis RUP::Autentifikazioa::Register::Register - Basic Flow::DatuakBalidatu" xmi:id="_T.n29ZZ.vXE.e.y9.r6LNW.v7HAQ" xsi:type="uml:Message"/><publish:element name="ErabiltzaileaBilatu" publish:icon="-2012934060_icon.png" publish:qualifiedname="Modelo de análisis RUP::Autentifikazioa::Register::Register - Basic Flow::ErabiltzaileaBilatu" xmi:id="_U.r.g.y.wJ.vXE.e.y9.r6LNW.v7HAQ" xsi:type="uml:Message"/><publish:element name="ErabiltzaileaBilatu" publish:icon="1761940952_icon.png" publish:qualifiedname="Modelo de análisis RUP::Autentifikazioa::Register::Register - Basic Flow::ErabiltzaileaBilatu" xmi:id="_U.r.p8.s.p.vXE.e.y9.r6LNW.v7HAQ" xsi:type="uml:Message"/><publish:element name="Register" publish:icon="-2012934060_icon.png" publish:qualifiedname="Modelo de análisis RUP::Autentifikazioa::Register::Register - Basic Flow::Register" xmi:id="_.c.gWBAJ.vXE.e.y9.r6LNW.v7HAQ" xsi:type="uml:Message"/><publish:element name="Register" publish:icon="1761940952_icon.png" publish:qualifiedname="Modelo de análisis RUP::Autentifikazioa::Register::Register - Basic Flow::Register" xmi:id="_.c.gWBBZ.vXE.e.y9.r6LNW.v7HAQ" xsi:type="uml:Message"/><publish:element name="AutentifikazioaEgin" publish:icon="1543835458_icon.png" publish:qualifiedname="Modelo de análisis RUP::Autentifikazioa::AutentifikazioaEgin" xmi:id="_O.h2C.oJ.vTE.e.y9.r6LNW.v7HAQ" xsi:type="uml:Class"/><publish:element name="Login" publish:icon="-1778053100_icon.png" publish:qualifiedname="Modelo de análisis RUP::Autentifikazioa::AutentifikazioaEgin::Login" xmi:id="_R.zAKAJ.vWE.e.y9.r6LNW.v7HAQ" xsi:type="uml:Operation"/><publish:element name="DatuakEgiaztatu" publish:icon="-1778053100_icon.png" publish:qualifiedname="Modelo de análisis RUP::Autentifikazioa::AutentifikazioaEgin::DatuakEgiaztatu" xmi:id="_.g.v.z.g.gJ.vWE.e.y9.r6LNW.v7HAQ" xsi:type="uml:Operation"/><publish:element name="DatuakBalidatu" publish:icon="-1778053100_icon.png" publish:qualifiedname="Modelo de análisis RUP::Autentifikazioa::AutentifikazioaEgin::DatuakBalidatu" xmi:id="_.s.cSV.wJ.vWE.e.y9.r6LNW.v7HAQ" xsi:type="uml:Operation"/><publish:element name="Register" publish:icon="-1778053100_icon.png" publish:qualifiedname="Modelo de análisis RUP::Autentifikazioa::AutentifikazioaEgin::Register" xmi:id="_S8M.xQJ.vXE.e.y9.r6LNW.v7HAQ" xsi:type="uml:Operation"/><publish:element name="AutentifikazioaInprimakia" publish:icon="67440327_icon.png" publish:qualifiedname="Modelo de análisis RUP::Autentifikazioa::AutentifikazioaInprimakia" xmi:id="_O.h2C.oZ.vTE.e.y9.r6LNW.v7HAQ" xsi:type="uml:Class"/><publish:element name="DatuakSartu" publish:icon="-1778053100_icon.png" publish:qualifiedname="Modelo de análisis RUP::Autentifikazioa::AutentifikazioaInprimakia::DatuakSartu" xmi:id="_IN-J.cJ.vWE.e.y9.r6LNW.v7HAQ" xsi:type="uml:Operation"/><publish:element name="AutentifikazioaBezeroa" publish:icon="-1090188280_icon.png" publish:qualifiedname="Modelo de análisis RUP::Autentifikazioa::AutentifikazioaBezeroa" xmi:id="_O.h2C.o.p.vTE.e.y9.r6LNW.v7HAQ" xsi:type="uml:Class"/><publish:element name="Login" publish:icon="-1778053100_icon.png" publish:qualifiedname="Modelo de análisis RUP::Autentifikazioa::AutentifikazioaBezeroa::Login" xmi:id="_.kFMH8J.vWE.e.y9.r6LNW.v7HAQ" xsi:type="uml:Operation"/><publish:element name="ErabiltzaileaBilatu" publish:icon="-1778053100_icon.png" publish:qualifiedname="Modelo de análisis RUP::Autentifikazioa::AutentifikazioaBezeroa::ErabiltzaileaBilatu" xmi:id="_.a.mTWMJ.vXE.e.y9.r6LNW.v7HAQ" xsi:type="uml:Operation"/><publish:element name="Register" publish:icon="-1778053100_icon.png" publish:qualifiedname="Modelo de análisis RUP::Autentifikazioa::AutentifikazioaBezeroa::Register" xmi:id="_.e.h.r.m.oJ.vXE.e.y9.r6LNW.v7HAQ" xsi:type="uml:Operation"/><publish:element name="Login" publish:icon="1325729587_icon.png" publish:qualifiedname="Modelo de análisis RUP::Autentifikazioa::Login" xmi:id="_.nQ9A.sJ.vTE.e.y9.r6LNW.v7HAQ" xsi:type="uml:Collaboration"/><publish:element publish:icon="906303130_icon.png" publish:qualifiedname="Modelo de análisis RUP::Autentifikazioa::Login::Login - Basic Flow::&lt;Connector&gt;" xmi:id="_9LDO.kJ.vVE.e.y9.r6LNW.v7HAQ" xsi:type="uml:Connector"/><publish:element publish:icon="906303130_icon.png" publish:qualifiedname="Modelo de análisis RUP::Autentifikazioa::Login::Login - Basic Flow::&lt;Connector&gt;" xmi:id="_LYVM.p5.vWE.e.y9.r6LNW.v7HAQ" xsi:type="uml:Connector"/><publish:element publish:icon="906303130_icon.png" publish:qualifiedname="Modelo de análisis RUP::Autentifikazioa::Login::Login - Basic Flow::&lt;Connector&gt;" xmi:id="_.f.a.u.j95.vWE.e.y9.r6LNW.v7HAQ" xsi:type="uml:Connector"/><publish:element publish:icon="906303130_icon.png" publish:qualifiedname="Modelo de análisis RUP::Autentifikazioa::Login::Login - Basic Flow::&lt;Connector&gt;" xmi:id="_.h5.a.z95.vWE.e.y9.r6LNW.v7HAQ" xsi:type="uml:Connector"/><publish:element name="xActor" publish:icon="-33224215_icon.png" publish:qualifiedname="Modelo de análisis RUP::Autentifikazioa::Login::Login - Basic Flow::xActor" xmi:id="_WY07EJ.vVE.e.y9.r6LNW.v7HAQ" xsi:type="uml:Lifeline"/><publish:element name="autentifikazioaInprimakia" publish:icon="-33224215_icon.png" publish:qualifiedname="Modelo de análisis RUP::Autentifikazioa::Login::Login - Basic Flow::autentifikazioaInprimakia" xmi:id="_.rX25.wJ.vVE.e.y9.r6LNW.v7HAQ" xsi:type="uml:Lifeline"/><publish:element name="autentifikazioaEgin" publish:icon="-33224215_icon.png" publish:qualifiedname="Modelo de análisis RUP::Autentifikazioa::Login::Login - Basic Flow::autentifikazioaEgin" xmi:id="_.yX.y.gUJ.vVE.e.y9.r6LNW.v7HAQ" xsi:type="uml:Lifeline"/><publish:element name="autentifikazioaBezeroa" publish:icon="-33224215_icon.png" publish:qualifiedname="Modelo de análisis RUP::Autentifikazioa::Login::Login - Basic Flow::autentifikazioaBezeroa" xmi:id="_.y3.h.wUJ.vVE.e.y9.r6LNW.v7HAQ" xsi:type="uml:Lifeline"/><publish:element name="DatuakSartu" publish:icon="-2012934060_icon.png" publish:qualifiedname="Modelo de análisis RUP::Autentifikazioa::Login::Login - Basic Flow::DatuakSartu" xmi:id="_D.y.s4AJ.vWE.e.y9.r6LNW.v7HAQ" xsi:type="uml:Message"/><publish:element name="DatuakSartu" publish:icon="1761940952_icon.png" publish:qualifiedname="Modelo de análisis RUP::Autentifikazioa::Login::Login - Basic Flow::DatuakSartu" xmi:id="_D.y2B85.vWE.e.y9.r6LNW.v7HAQ" xsi:type="uml:Message"/><publish:element name="Login" publish:icon="-2012934060_icon.png" publish:qualifiedname="Modelo de análisis RUP::Autentifikazioa::Login::Login - Basic Flow::Login" xmi:id="_LYVM.oJ.vWE.e.y9.r6LNW.v7HAQ" xsi:type="uml:Message"/><publish:element name="Login" publish:icon="1761940952_icon.png" publish:qualifiedname="Modelo de análisis RUP::Autentifikazioa::Login::Login - Basic Flow::Login" xmi:id="_LYVM.pZ.vWE.e.y9.r6LNW.v7HAQ" xsi:type="uml:Message"/><publish:element name="DatuakBalidatu" publish:icon="-2012934060_icon.png" publish:qualifiedname="Modelo de análisis RUP::Autentifikazioa::Login::Login - Basic Flow::DatuakBalidatu" xmi:id="_.f.a.u.j8J.vWE.e.y9.r6LNW.v7HAQ" xsi:type="uml:Message"/><publish:element name="DatuakBalidatu" publish:icon="1761940952_icon.png" publish:qualifiedname="Modelo de análisis RUP::Autentifikazioa::Login::Login - Basic Flow::DatuakBalidatu" xmi:id="_.f.a.u.j9Z.vWE.e.y9.r6LNW.v7HAQ" xsi:type="uml:Message"/><publish:element name="Login" publish:icon="-2012934060_icon.png" publish:qualifiedname="Modelo de análisis RUP::Autentifikazioa::Login::Login - Basic Flow::Login" xmi:id="_.h5.a.z8J.vWE.e.y9.r6LNW.v7HAQ" xsi:type="uml:Message"/><publish:element name="Login" publish:icon="1761940952_icon.png" publish:qualifiedname="Modelo de análisis RUP::Autentifikazioa::Login::Login - Basic Flow::Login" xmi:id="_.h5.a.z9Z.vWE.e.y9.r6LNW.v7HAQ" xsi:type="uml:Message"/><publish:element name="DatuakEgiaztatu" publish:icon="-2012934060_icon.png" publish:qualifiedname="Modelo de análisis RUP::Autentifikazioa::Login::Login - Basic Flow::DatuakEgiaztatu" xmi:id="_.t.t.p3AJ.vWE.e.y9.r6LNW.v7HAQ" xsi:type="uml:Message"/><publish:element name="DatuakEgiaztatu" publish:icon="1761940952_icon.png" publish:qualifiedname="Modelo de análisis RUP::Autentifikazioa::Login::Login - Basic Flow::DatuakEgiaztatu" xmi:id="_.t.t.zA85.vWE.e.y9.r6LNW.v7HAQ" xsi:type="uml:Message"/><publish:element name="xActor" publish:icon="-905637937_icon.png" publish:qualifiedname="Modelo de análisis RUP::Autentifikazioa::xActor" xmi:id="_VD4.hYJ.vVE.e.y9.r6LNW.v7HAQ" xsi:type="uml:Actor"/><publish:element name="${use.case}" publish:icon="1325729587_icon.png" publish:qualifiedname="Modelo de análisis RUP::Analysis Building Blocks::${use.case}" xmi:id="_.k.dC.sTJ.vPE.e.y9.r6LNW.v7HAQ" xsi:type="uml:Collaboration"/><publish:element name="${boundary}" publish:icon="1543835458_icon.png" publish:qualifiedname="Modelo de análisis RUP::Analysis Building Blocks::${boundary}" xmi:id="_.k.dC.s.h5.vPE.e.y9.r6LNW.v7HAQ" xsi:type="uml:Class"/><publish:element name="${entity}" publish:icon="67440327_icon.png" publish:qualifiedname="Modelo de análisis RUP::Analysis Building Blocks::${entity}" xmi:id="_.k.dC.s.iJ.vPE.e.y9.r6LNW.v7HAQ" xsi:type="uml:Class"/><publish:element name="${control}" publish:icon="-1090188280_icon.png" publish:qualifiedname="Modelo de análisis RUP::Analysis Building Blocks::${control}" xmi:id="_.k.dC.s.iZ.vPE.e.y9.r6LNW.v7HAQ" xsi:type="uml:Class"/></publish:elements>